date,channel,schedule_item,GRPs,reach,frequency
2025-06-24,Online,Radio grow author stand.,53.18,96.05,4.05
2025-05-29,Online,Where simply do.,32.95,7.32,4.98
2025-06-27,Online,Model his idea.,101.51,2.08,4.15
2025-05-12,Print,Usually audience crime like.,118.13,47.17,
2025-04-23,Radio,Mouth decide fear.,29.02,17.14,7.89
2025-04-17,Print,Social music.,84.63,57.16,1.23
2025-05-20,Online,Four long someone.,151.34,4.06,4.14
2025-05-15,TV,Region friend defense population.,162.64,64.56,7.85
2025-04-19,Online,Local shake former.,181.05,61.82,8.71
2025-05-02,TV,One wish wall house.,190.95,13.05,1.89
2025-06-05,Print,Democrat dinner identify bar.,187.08,79.67,7.03
2025-07-07,Radio,Perform event rule.,29.24,60.26,7.84
2025-04-23,TV,Main indicate the clear.,14.24,28.99,6.41
2025-04-18,Radio,Compare go.,187.19,29.91,3.83
,TV,Final form usually often.,144.53,89.17,2.52
2025-07-10,Print,Often nature several government.,192.66,18.05,3.21
2025-06-26,Online,Degree lay change.,12.31,87.14,8.01
2025-06-05,Online,Control star something second.,115.44,16.37,8.25
2025-05-28,Radio,Of play.,142.42,46.36,1.01
2025-05-11,Print,Apply party hundred money.,95.81,54.12,5.75
2025-05-13,Radio,Test pass place rule.,105.08,43.89,2.32
2025-05-31,Radio,Quickly free.,92.25,50.33,6.73
2025-07-06,Radio,Cost tree program measure.,191.59,19.74,6.18
2025-05-15,TV,Fact laugh until remember.,48.35,53.87,8.21
2025-05-30,Online,May bad about myself court.,61.14,1.66,
2025-05-04,Radio,On bar difference.,60.15,72.98,9.44
2025-06-05,Online,Speak book.,30.86,13.24,3.43
2025-06-25,Online,Heart expect few.,89.77,98.49,4.84
2025-05-29,Print,Fish because.,126.0,46.05,8.01
2025-06-15,Online,Morning brother could.,189.33,84.82,2.87
2025-06-16,Print,Camera material.,86.03,9.36,4.64
2025-06-20,Online,Large woman popular never indeed.,55.99,36.9,1.03
2025-05-15,Radio,First money instead indicate.,12.76,76.59,3.51
2025-05-18,Online,Add professor hear.,152.77,52.43,1.88
2025-04-19,Print,End not fire.,98.67,19.67,4.43
,Online,Trip material ok success.,60.07,20.6,8.08
2025-04-20,Online,Him Congress security outside.,151.88,75.26,4.68
2025-07-04,Online,Entire home shake.,18.27,23.31,8.09
2025-06-27,Print,Mission whose check thus.,47.07,89.26,8.94
2025-05-10,Print,Whom sure officer very.,147.09,26.71,7.56
2025-07-11,Radio,Article officer couple tough.,138.32,48.74,2.78
2025-06-09,TV,Pm actually.,113.11,32.55,1.78
2025-05-21,Print,Low you people.,151.64,64.37,8.38
2025-06-12,Online,Economic quickly movie.,145.68,49.37,7.59
2025-06-25,Print,Then level section.,23.19,81.19,2.34
2025-06-06,TV,Key group.,106.27,40.93,6.16
2025-04-26,Radio,Computer range.,126.93,TFuQ3Rgc,4.37
3qGDFSlT,TV,Industry this budget always turn.,99.19,,9.17
2025-05-21,Radio,Stop guy get.,62.77,61.16,3.61
2025-05-06,Print,Tell threat thank pretty.,113.59,OSUtCDWC,2.44
2025-06-24,Online,Building back.,64.8,5.0,9.17
2025-06-23,Print,Yes since someone boy direction.,167.57,37.03,4.1
2025-05-01,TV,Hope month.,193.59,64.94,2.66
2025-05-10,Radio,Bad baby issue.,38.65,5.73,3.01
2025-05-15,TV,Carry probably crime order.,22.99,43.57,8.68
2025-05-07,Online,Pick director.,130.39,54.95,8.18
2025-06-15,TV,Area law agree their.,193.04,13.52,5.22
2025-05-29,Print,Remain find.,103.68,18.0,9.04
2025-04-20,TV,Other throughout whose.,86.02,10.43,5.86
2025-06-04,TV,Store single she high.,177.63,18.15,9.11
2025-05-01,Online,Among other hotel.,127.45,87.79,7.3
2025-05-31,EmORWfVD,Successful rather one laugh.,138.2,91.38,3.16
2025-05-07,Print,Affect particularly.,49.89,72.38,4.21
2025-07-01,Online,Agent since accept still.,132.31,32.73,9.69
2025-06-07,Radio,Couple speak they boy.,132.05,26.59,1.17
2025-05-06,TV,Bar available certainly property.,70.3,42.3,7.64
2025-06-16,TV,Total hot tree as.,145.43,12.63,6.09
2025-06-27,Print,Product technology.,60.98,41.33,6.35
2025-06-10,Online,Management score worry political.,74.26,57.11,5.92
2025-04-19,Radio,Cultural knowledge station.,135.68,13.73,2.04
2025-04-19,Print,,91.02,76.69,9.87
2025-06-27,Radio,Memory else over rich effort.,46.55,16.36,9.23
2025-06-01,TV,Measure major compare how attention.,71.7,85.67,1.25
2025-04-23,Radio,Outside explain.,109.12,90.68,2.54
2025-06-18,Print,Management wrong this on.,148.23,48.12,9.87
2025-06-10,Online,Hit race rich.,66.42,52.06,8.92
2025-06-12,TV,Environmental catch place need.,103.73,52.3,7.93
2025-04-21,Online,Consider enough table.,87.88,85.22,5.31
2025-04-20,Online,Send respond whatever.,122.63,63.49,5.33
2025-04-17,Radio,Yourself exactly.,149.23,84.92,5.03
2025-06-17,Print,More ten present hear.,27.73,47.1,6.59
2025-05-04,TV,Off today animal.,56.85,91.44,4.98
2025-07-13,Online,Probably plan compare magazine.,198.45,22.77,5.47
2025-07-08,Print,Eye more whose maintain.,183.9,93.08,3.97
2025-05-29,Radio,Better we off.,153.17,92.02,2.86
2025-05-01,TV,Difference majority officer they.,91.59,80.8,9.62
2025-05-04,TV,Forward smile population.,37.86,98.52,7.95
2025-07-11,Online,Claim try.,121.17,60.2,8.89
2025-06-28,Print,Sound employee conference night.,152.35,12.87,6.68
2025-06-29,TV,Future democratic career table determine.,89.87,22.92,4.6
2025-04-17,Online,Cup paper season now.,173.24,53.4,9.9
2025-06-07,TV,Value let week.,171.32,87.31,6.2
2025-06-23,Online,Very rich them life next.,161.25,30.42,9.99
2025-05-22,Radio,Draw recently.,102.32,49.14,5.9
bnno6snF,TV,Happy watch.,29.28,43.66,6.15
2025-06-16,Radio,Understand protect.,185.17,85.17,7.82
2025-07-01,Radio,Indeed nice thus.,11.35,4.59,8.68
2025-04-21,Online,Have no usually each.,126.27,76.27,4.46
2025-05-25,Online,Action interest already.,159.46,54.3,1.67
2025-06-12,TV,So door.,40.68,67.27,7.78
2025-05-23,TV,Smile staff break although.,158.82,56.4,9.06
2025-06-07,Online,Customer argue work represent.,135.78,16.29,3.47
2025-04-23,Print,Open community lead.,112.77,96.23,2.36
2025-05-05,,Run right.,132.91,54.66,6.7
2025-06-01,Radio,Nation structure smile.,97.46,55.05,1.11
2025-05-13,Radio,Thus media pattern.,155.72,0.99,8.19
2025-05-14,Radio,Personal century.,56.47,15.12,3.82
2025-04-30,Print,Vote region magazine art.,118.8,53.91,4.88
2025-07-11,Radio,Short movement guy clear.,152.47,73.53,8.25
2025-06-30,Print,Word sure.,132.66,71.9,9.77
2025-05-07,Radio,Cultural suffer.,98.26,87.62,4.44
2025-05-08,TV,Actually common money.,64.6,5.8,6.99
2025-06-24,Online,How beat different.,135.74,78.64,7.34
2025-05-01,TV,Person voice traditional.,187.17,71.11,9.39
2025-05-16,Online,Know summer interest foreign.,71.52,42.44,5.36
2025-06-12,Radio,Democrat value stand.,16.96,11.82,5.56
2025-06-13,Radio,Serious forward across.,48.38,53.19,7.88
2025-07-09,Print,Start perhaps like.,72.24,50.3,8.95
2025-07-03,TV,The as term.,52.19,11.08,5.39
2025-06-24,Radio,Fire produce argue.,80.7,15.13,3.5
2025-05-10,Radio,Others close drug forward.,61.43,30.09,2.6
2025-05-02,Print,Environment old specific he.,50.22,72.87,9.23
2025-04-29,Print,Heart hold baby.,140.46,13.08,8.83
2025-05-24,Radio,Act summer budget.,50.06,5.9,7.53
2025-06-22,Print,,11.29,46.85,5.02
2025-07-09,Radio,Issue practice thank.,118.97,,2.7
2025-04-16,Online,Next family common cut.,18.02,44.49,2.1
2025-07-02,Print,Color reality dog economic.,108.35,96.87,6.99
2025-06-07,Online,Long understand analysis.,75.01,64.4,9.8
2025-05-11,Print,Simple like week public respond.,133.98,67.73,7.84
2025-05-15,Print,Director go opportunity.,68.57,7.12,1.68
2025-05-16,TV,Service should.,73.15,44.78,7.02
2025-05-21,Print,Poor such decision.,166.42,44.27,8.49
2025-07-11,Print,Board language each present part.,43.1,75.06,4.12
2025-07-09,Online,Just perform.,109.58,22.24,3.94
2025-04-24,Radio,Exist clear benefit.,136.41,99.54,1.83
2025-05-21,Online,Range culture foot or new.,26.69,80.12,6.85
2025-07-12,Print,Moment clear story forget.,62.29,79.71,2.76
2025-04-15,Online,Admit nor instead carry.,151.14,70.9,2.93
2025-07-12,TV,Firm treatment effect southern attention.,185.51,96.17,3.5
2025-04-17,Radio,Suggest group spring.,20.79,60.74,8.93
,Online,Study we oil.,153.54,31.5,9.85
2025-05-31,TV,Growth bank center.,145.02,48.26,5.85
2025-07-03,TV,Tend term book.,161.64,49.52,9.67
2025-04-21,Online,Over station.,158.09,51.64,3.36
2025-05-04,Print,Fine most.,130.09,21.94,2.57
2025-07-01,TV,Anyone service bank rule.,164.77,93.35,4.2
2025-05-05,Print,Say guess interesting.,118.66,19.16,6.57
2025-05-20,Radio,Agency loss cause science rise.,135.17,89.28,6.05
2025-05-18,Online,Bill or charge.,170.46,15.19,9.38
2025-05-12,Print,Name factor listen politics.,95.7,15.61,4.36
2025-06-09,TV,Nation activity wait stage suggest.,71.58,63.62,1.68
2025-06-20,Radio,Order treatment ready.,40.1,6.23,6.34
2025-04-19,TV,Who case recently.,138.51,35.75,9.95
2025-05-18,Radio,Discover improve including fly national.,147.84,48.6,1.63
2025-05-01,TV,Nature fly door customer kitchen.,105.93,82.13,6.57
2025-04-17,Print,Those something subject forget.,147.91,78.54,4.35
2025-04-15,Radio,Risk station stand PM interesting.,154.08,3.85,2.68
2025-06-17,Print,Two maybe.,127.02,84.33,1.22
2025-07-10,Radio,Talk to remember.,26.04,46.42,1.01
2025-06-27,Radio,East court its wonder note.,38.68,2.49,9.14
2025-05-18,TV,Trip machine should.,25.14,57.89,2.67
2025-06-15,Radio,Poor argue week team.,17.39,33.89,8.25
2025-05-27,Radio,Along national strong million.,183.53,91.7,7.63
2025-06-16,Online,Main over.,36.69,92.13,5.41
2025-07-09,Print,Save start design.,90.31,22.81,4.75
2025-05-27,Radio,This fact local try house.,176.33,57.53,2.4
2025-04-16,Online,Collection stuff push.,111.99,61.47,5.24
2025-07-11,Radio,Worker full I.,34.98,67.92,6.62
2025-05-18,Online,Discuss meeting fight drug grow.,133.53,40.06,3.52
2025-04-27,TV,Line need week girl put.,52.44,33.07,4.18
2025-05-17,Radio,Address film any return.,,40.66,4.52
2025-06-11,Online,Pass example bill.,91.67,9.19,8.63
2025-06-09,TV,Part people result.,131.87,76.94,9.49
2025-06-04,TV,Six successful check I.,185.7,59.79,8.36
2025-05-14,Online,Land build.,103.8,49.84,7.65
2025-05-15,Radio,Beat free enter really.,117.42,42.95,5.38
2025-07-10,Print,Now leg father guess.,19.11,4.57,9.87
2025-06-02,TV,Then impact.,153.62,71.82,8.66
2025-04-18,Online,Everybody address hard shake.,29.67,31.41,4.73
2025-05-10,TV,Teacher teach chance performance front.,63.1,47.73,8.49
2025-04-30,Print,Without idea major can.,160.16,49.65,2.58
2025-05-01,Radio,Civil dark enter across.,129.39,64.31,1.29
2025-05-27,Online,News pressure let include that.,122.05,20.19,6.33
2025-06-04,Online,Seven feel.,151.86,24.34,7.2
2025-04-26,Online,Dream central hand.,55.58,47.59,8.87
2025-06-03,Radio,Activity when many.,131.68,40.98,8.81
2025-06-20,TV,Girl seat arm.,189.74,66.22,3.77
2025-06-27,Online,Front church.,96.78,12.05,9.63
2025-04-18,Radio,Challenge teacher high start.,144.81,99.81,5.37
2025-06-25,Radio,Federal number lawyer.,151.27,10.7,4.95
2025-06-02,Radio,Apply work.,109.23,15.84,9.84
2025-05-04,Print,Interesting stock successful.,77.47,27.31,9.81
,Radio,See stock.,122.86,65.08,8.99
2025-06-21,TV,Morning modern sell.,42.21,15.52,6.13
2025-06-03,Print,Man mean policy week.,50.66,10.12,8.13
2025-06-28,Online,Laugh sense common defense.,173.42,19.4,4.96
2025-05-28,TV,Account project various data.,88.12,52.95,6.0
2025-06-01,Radio,Better American citizen building them.,23.11,66.62,
2025-05-03,Online,Mean wall.,197.34,30.59,8.53
2025-06-04,Online,Activity bad family.,149.91,18.78,6.0
2025-05-21,Radio,Prevent stand bag degree.,142.03,62.09,7.43
2025-04-29,Online,How by from probably edge.,118.89,7.21,2.85
2025-04-17,Print,Reflect trouble attack great.,95.15,16.03,7.46
,Radio,Film technology.,48.53,33.39,1.3
2025-05-08,TV,Poor accept production dream.,162.26,28.55,8.13
2025-05-05,Print,Ok dog however.,108.47,23.06,3.65
2025-05-19,Radio,Into me in face.,48.1,9.95,1.07
2025-04-28,Online,Challenge daughter point.,97.26,97.55,8.0
2025-06-04,Radio,Themselves affect past.,192.18,89.9,1.11
2025-06-26,Radio,Nature let scene.,105.94,77.07,6.54
2025-05-02,Print,War know.,20.99,87.62,2.75
2025-06-07,Print,Too special.,40.39,49.78,5.43
2025-06-09,,Pick point.,73.8,3.82,6.63
2025-06-05,Online,,183.23,46.43,9.61
2025-04-28,k5iw6eZB,Change my choose.,124.8,1.72,9.96
2025-05-03,Print,Along rise.,86.7,45.76,7.26
2025-04-21,Online,Evening whether investment poor.,91.6,9.77,6.1
2025-05-01,Print,Discover pretty notice.,58.02,8.02,1.82
2025-06-10,Print,Lead just.,74.18,62.0,4.57
2025-04-24,TV,Partner answer you pay style.,32.62,11.92,3.5
2025-06-24,Online,Film public.,182.83,82.06,9.56
2025-04-29,Radio,Money positive power cup.,24.75,86.68,6.14
2025-05-29,Radio,Teacher public professional open partner.,43.41,12.59,2.45
2025-05-02,Radio,Decide hold decision spring.,40.61,73.83,2.53
2025-05-21,Radio,Maintain resource kind central.,197.29,9.32,6.82
2025-06-11,Online,Or phone whom.,116.27,28.05,6.74
2025-05-15,Print,Real break.,52.05,72.46,9.8
2025-04-22,TV,Be thus.,72.68,42.86,9.72
2025-05-22,Online,Cover huge easy matter.,94.82,77.58,2.87
2025-04-29,TV,Present region age member fear.,46.34,53.9,8.81
2025-06-11,Online,Mind short design.,DSkEqMZT,22.08,3.86
2025-06-24,TV,Exist media person way.,106.15,57.93,7.12
2025-05-13,Online,Weight study.,160.92,61.87,6.44
2025-07-07,TV,Sea check field north.,101.78,56.34,7.43
2025-06-28,Online,Exist college.,,88.83,5.68
2025-06-13,Online,Maintain possible store system.,143.37,53.98,3.14
2025-06-09,TV,Mouth she knowledge article specific.,168.4,66.32,7.04
2025-05-28,Radio,They source.,148.31,44.36,3.76
2025-05-06,Radio,Brother both.,164.69,38.04,5.52
2025-05-13,TV,Enter rate address writer.,95.3,94.88,4.18
2025-06-02,Print,Woman officer.,51.99,35.04,4.13
2025-05-01,Print,Room outside.,101.57,20.15,1.53
2025-04-15,Print,Purpose term situation film.,197.73,60.06,8.68
2025-04-18,TV,Thousand ball.,42.37,34.46,9.57
2025-06-15,Print,Shoulder relationship.,30.62,2.53,9.97
2025-04-24,Print,Lawyer owner.,34.62,77.13,8.5
2025-05-20,TV,Dark almost onto than.,177.63,96.71,8.24
2025-06-09,Online,Party kitchen cover the by.,30.58,41.0,VSiIt8BH
2025-04-29,TV,Father cost its effort.,134.26,,1.83
2025-05-30,Radio,Kitchen key store go.,132.63,45.17,7.44
2025-07-01,Print,Democrat left fund spring be.,49.53,1.12,4.23
2025-06-13,Radio,Thousand trial pay.,28.47,89.2,9.46
2025-07-13,Online,Network manage wear.,119.44,44.56,5.85
2025-05-22,Radio,According worry seven throw.,78.06,59.58,7.42
2025-07-11,Online,Almost low mouth situation.,123.22,63.79,7.01
2025-05-13,Online,Out occur amount game.,116.38,43.66,2.72
2025-05-18,Online,Purpose similar pull apply wall.,167.89,29.43,2.77
2025-04-18,,Notice watch these.,138.61,69.97,9.25
2025-06-09,TV,Lose strong.,68.9,41.88,3.57
2025-06-05,TV,Seem TV probably cold.,170.93,96.39,3.0
2025-07-08,Print,Television water probably decide.,193.87,59.57,6.24
2025-04-26,Radio,Bit need crime.,34.74,88.25,9.57
2025-07-01,Print,Medical must east.,94.7,24.73,3.25
2025-07-03,Online,Successful big blood none.,136.35,2.33,2.91
2025-04-26,Radio,Hope under third entire.,105.4,13.82,5.87
2025-06-29,Radio,Describe exactly true call four.,190.22,70.81,9.37
2025-06-28,Print,Worry full.,185.58,11.59,6.26
2025-06-27,Online,Someone religious issue.,197.38,2.15,1.63
2025-06-22,Online,Book benefit figure.,50.8,97.47,5.87
2025-06-23,Print,Member arm.,186.06,17.57,5.57
2025-05-09,Print,Data good.,186.09,1.09,1.7
2025-06-03,Online,Table itself adult.,53.16,2.59,1.02
2025-06-02,TV,Machine girl once reveal officer.,33.88,25.89,9.12
2025-05-24,TV,Show strong democratic per.,147.02,78.77,3.68
2025-06-25,Print,Or visit hospital hope individual.,34.64,7.12,7.62
2025-04-25,Radio,Into between.,186.31,54.07,1.4
2025-05-17,Print,Rise line heart.,172.3,98.43,3.25
2025-04-15,TV,Research purpose hope.,180.61,60.35,7.7
2025-04-16,TV,Above position.,10.41,60.06,1.77
2025-07-05,Print,Response television job which follow.,194.19,50.81,6.69
2025-06-01,TV,Lay enough production.,57.7,61.3,6.57
2025-07-10,Online,Do along agency.,84.84,42.12,7.89
2025-05-20,Online,Example get really country.,52.34,16.81,2.49
2025-06-11,TV,Already assume subject.,111.87,88.21,9.13
2025-04-18,TV,Beautiful child.,59.02,59.04,5.84
2025-04-21,Online,Color act catch hour.,171.7,99.31,8.93
2025-05-13,Online,Friend note same.,188.95,26.62,4.17
2025-07-13,Radio,Street performance sure.,143.69,90.48,8.6
,Online,Number yet.,146.19,93.13,3.29
2025-04-25,Print,Message those.,126.41,14.34,4.3
2025-05-15,Radio,Forward night personal.,175.17,92.07,5.26
2025-07-06,TV,Local build day knowledge everyone.,136.28,24.86,9.7
vYE7v9CF,Online,Mother summer reduce television.,90.72,4.54,1.91
2025-05-04,TV,Main chance.,39.86,5.55,5.5
2025-07-08,Radio,Never concern pattern.,29.28,93.77,3.71
2025-07-06,TV,Space start recognize always.,124.05,85.54,3.96
2025-07-06,TV,Section window fill base.,14.19,85.79,7.71
2025-06-18,Radio,Prepare catch school.,143.16,14.05,7.17
2025-05-28,Radio,Prepare improve.,108.81,97.22,4.72
2025-07-09,Print,Sea there marriage leader.,190.61,53.74,8.27
2025-07-09,TV,Court mother.,126.36,32.79,6.01
2025-06-30,TV,Room available need responsibility assume.,107.88,3.55,8.05
2025-05-05,TV,Explain item unit.,139.05,47.87,8.84
2025-04-24,Print,Those risk.,195.92,50.1,5.81
2025-05-22,TV,Right require.,85.15,5.49,4.65
2025-05-07,Radio,Environment common ability prevent.,24.6,41.98,3.6
2025-06-17,Radio,Say trial central tend.,70.65,65.32,3.08
2025-07-03,TV,Few world energy safe.,78.44,7.24,2.8
2025-04-27,Radio,,180.72,16.1,5.53
,Print,Read result not heavy stage.,JOnjiqnX,51.05,4.92
2025-05-22,,Than because few economic.,,43.73,4.66
2025-05-15,TV,Design itself six Congress.,31.7,50.14,9.34
2025-04-16,Print,Central town education collection interesting.,159.36,48.56,3.51
2025-05-31,Radio,Role alone school.,95.45,20.86,5.25
2025-06-07,Online,Course individual early believe.,175.63,93.14,1.15
2025-05-14,Radio,Difficult interview risk central report.,44.43,1.8,9.59
2025-06-22,Radio,Position federal long family.,136.07,19.63,4.7
2025-07-05,TV,However key.,151.87,51.42,6.74
2025-04-23,Online,Also certainly.,179.06,6.39,2.05
,Print,Probably wife sell deep station.,125.12,57.64,1.84
2025-05-08,Radio,Perform collection.,24.33,59.04,1.89
2025-05-29,Online,Hand stuff store property.,180.46,52.68,6.35
2025-04-21,Print,Suddenly agree between mouth bill.,199.34,66.96,2.48
2025-06-02,Radio,,156.88,99.58,7.58
2025-05-07,Print,1duVa0O9,104.92,4.48,8.12
2025-07-09,Online,Believe unit professional.,98.48,9.09,9.55
2025-04-22,6cJRggov,Vote fear form.,39.61,16.05,3.96
2025-04-27,Print,Kitchen exist magazine anyone.,154.84,41.52,2.05
2025-05-04,Radio,System free no.,27.51,10.09,8.55
2025-06-12,TV,Fall other follow nearly.,182.15,64.12,3.02
2025-04-29,Online,Perform score.,107.31,28.09,4.78
2025-04-24,Print,Child soon.,195.24,24.67,9.61
2025-06-06,Print,Billion compare.,110.62,18.93,1.93
2025-06-28,Online,Artist according seem stage.,94.13,43.95,2.79
2025-05-11,TV,Lot through bank.,139.33,18.72,2.38
2025-04-22,Print,Key decade size last continue.,103.5,35.89,2.74
2025-04-26,Radio,Them program now us none.,86.1,58.32,8.62
2025-05-15,TV,Past popular of.,81.48,50.38,9.46
2025-05-02,Online,Bed sit.,162.4,37.5,1.68
2025-05-13,Print,Relate forget phone.,30.42,85.67,2.19
2025-05-22,Radio,Toward letter personal.,19.0,73.95,6.46
2025-05-30,Radio,Feel weight author change.,89.26,29.66,4.33
2025-05-29,Radio,Establish dinner east item knowledge.,180.45,20.4,4.51
2025-05-28,Online,Fill tree make form fly.,109.13,31.23,8.4
2025-06-09,Print,Mr old base.,85.59,93.39,7.5
2025-07-06,Print,Field poor.,190.27,52.04,5.22
2025-07-05,Print,Standard against.,49.8,27.13,6.75
2025-05-03,Radio,Nice boy well.,14.37,87.12,2.51
2025-07-10,G9go4so6,Different room.,142.17,72.99,9.58
2025-06-26,Online,Explain represent protect structure.,42.71,80.92,7.97
2025-06-08,TV,Friend soon on culture.,148.4,3.35,1.91
2025-06-06,Radio,Bit sense machine around.,91.78,2.07,8.24
2025-04-28,TV,Leave admit.,37.63,70.72,3.72
2025-05-21,Print,Heavy grow data or.,76.47,50.77,2.84
2025-06-08,VhSnmgtB,Truth wear.,22.59,33.16,9.35
2025-06-06,Online,True live bar.,159.3,90.19,5.2
2025-06-29,Radio,Expert carry color.,28.65,4.73,8.36
2025-06-11,TV,Me watch.,151.35,44.93,3.45
2025-07-08,Online,Here able far likely.,40.77,52.04,6.4
2025-06-14,Online,Be ahead.,66.32,21.14,4.74
2025-05-11,Radio,Usually drive beautiful significant send.,105.82,34.18,8.36
2025-06-15,Online,Place condition true next provide.,153.47,72.28,2.44
2025-05-07,Online,House again discussion accept.,131.68,44.85,7.9
2025-04-22,Radio,Bank three successful suddenly against.,78.05,74.43,3.46
2025-05-26,Radio,Day Mr course whether.,198.66,16.8,9.96
2025-06-26,Print,Rest month.,183.69,44.07,6.16
2025-06-06,Online,Able concern gas.,108.64,46.83,2.09
2025-05-11,Online,End nor language do.,,22.06,9.38
2025-07-10,TV,Choose industry light.,86.03,68.96,9.69
2025-04-16,TV,Specific raise marriage success play.,46.44,30.57,2.59
2025-05-24,Online,All consider.,92.38,18.29,8.19
2025-05-30,Online,Business coach PM.,18.07,46.81,7.59
2025-04-28,Print,It thought better.,139.82,82.32,9.69
2025-07-12,Print,Camera interesting describe ten.,147.62,95.99,9.39
2025-07-12,TV,Good senior free.,155.61,47.9,1.78
2025-06-07,Print,Enjoy present happen bit.,76.84,74.86,1.31
2025-05-18,Radio,Toward official morning mother support.,101.92,12.13,2.05
2025-07-02,Radio,Rule mind per wish chance.,113.68,46.4,4.12
2025-04-19,Online,Ground here stand.,148.29,80.49,
2025-06-19,TV,Maybe process safe born.,47.09,18.82,6.96
2025-06-20,Print,Imagine tax minute.,165.35,65.13,6.36
2025-04-20,Online,Stand former.,116.58,78.63,3.33
2025-04-22,Print,All popular stop short price.,39.72,16.11,2.0
2025-06-14,Print,National pressure.,60.51,75.25,8.17
2025-04-23,Radio,Them maintain bad first shake.,137.57,72.68,8.28
2025-04-21,Radio,Hit understand need seven.,115.67,45.83,8.17
2025-06-09,Online,Avoid picture.,181.16,47.43,9.58
2025-05-01,Online,Tonight now with.,193.18,18.1,5.87
2025-05-07,Print,Sister report time.,93.47,36.9,9.68
2025-05-08,Online,Scene eight want.,98.71,84.24,5.24
2025-07-04,Radio,Develop play week.,93.62,11.66,2.27
2025-05-07,Print,Fish professor democratic particular think.,98.64,42.73,6.74
2025-06-07,Online,Big draw scene.,39.64,48.79,7.84
2025-07-01,Radio,Cell toward whatever.,102.13,69.8,6.36
2025-05-29,Online,Stock economic box.,193.24,85.55,8.2
2025-06-27,TV,Heavy ever address finish.,156.67,47.82,2.11
2025-06-20,Radio,Future some area window read.,80.8,49.83,2.83
2025-07-12,,Where shake.,146.68,28.44,4.6
2025-05-05,TV,Thank a look add military.,129.32,76.81,9.0
2025-05-07,TV,Watch politics gas buy level.,152.79,45.94,2.18
2025-04-20,Radio,Morning say.,94.16,23.58,
2025-04-18,Print,Inside above suggest.,190.05,25.68,3.69
2025-05-06,Online,Itself bad unit than.,171.22,87.03,7.3
2025-07-13,Print,Heart challenge final yourself year.,88.88,29.11,1.73
2025-04-30,Print,Store walk across.,122.83,81.54,7.48
2025-05-22,TV,Election by easy left sell.,72.2,96.94,4.55
2025-04-23,Online,Education and mean.,59.74,75.42,3.9
2025-06-24,Radio,Cover without.,101.47,30.52,9.33
2025-06-06,Online,Administration product green.,195.5,85.37,5.1
2025-04-17,,Poor nature service right.,52.2,56.94,8.69
2025-04-21,TV,Mother firm.,25.96,26.34,5.74
2025-07-03,Print,Care market success.,89.0,70.05,5.48
2025-05-21,Online,Degree lawyer.,161.19,39.24,2.57
2025-05-11,Online,No house point others be.,169.07,54.42,9.45
2025-04-25,TV,Want drug move.,177.61,39.69,4.93
2025-06-26,Online,Movement option network.,155.26,31.57,1.54
2025-05-29,Online,Push feeling.,188.99,59.25,4.73
2025-05-12,TV,Write conference until various.,130.6,24.14,8.13
2025-04-24,Radio,Race range.,30.14,2.27,5.54
2025-07-05,Online,Brother yes along make sea.,110.73,22.89,5.59
2025-05-05,Online,Hand share.,155.12,57.88,5.41
2025-06-05,Radio,Leg nothing yet.,125.81,13.62,3.02
2025-04-16,Radio,Nothing buy food.,42.94,3.2,2.18
2025-05-11,Online,Meeting agent paper wrong not.,54.9,49.77,9.48
2025-04-22,TV,Lose system ball sit.,175.97,90.6,6.57
2025-04-25,Print,Quickly whom happy soldier specific.,115.08,60.63,6.94
2025-05-07,Print,Reality half international somebody.,86.7,99.93,5.62
2025-05-12,Online,Some sometimes attorney girl others.,72.93,72.5,1.35
2025-06-21,Online,Alone option child.,156.3,9.93,9.65
2025-07-10,TV,Dog something expert one.,105.86,26.49,2.96
2025-05-13,Online,Move its position son.,127.71,17.0,1.67
2025-04-29,Radio,Economy stop sell girl.,48.52,32.94,1.05
2025-07-05,Online,Law discussion two.,80.57,57.56,9.21
2025-07-10,Radio,Often art.,79.83,37.26,7.21
2025-05-02,Print,Region truth build likely.,146.47,63.13,9.34
2025-07-08,Print,Rock yourself husband.,76.92,48.47,1.72
2025-05-18,TV,Add war little.,123.03,83.67,1.2
2025-04-19,Online,Condition individual civil help.,47.92,79.5,2.46
2025-06-27,Print,Action write night enough nothing.,53.12,24.61,3.38
2025-04-28,Radio,Learn small large.,76.23,76.55,5.47
2025-06-30,TV,Third there.,69.67,15.02,8.95
2025-06-15,TV,College feeling often perhaps.,41.86,76.87,9.35
2025-06-11,Print,Cost maybe.,45.52,59.86,5.89
2025-07-03,Print,Style popular anyone cold.,135.12,37.7,2.66
2025-06-02,Online,Health brother.,82.95,88.99,1.84
2025-04-30,Online,Social fish parent seat their.,97.24,85.74,9.99
2025-06-20,TV,Son speech once data policy.,88.63,74.35,6.03
2025-05-26,Print,Less car point high.,158.09,88.62,6.2
2025-05-19,Radio,Reveal affect.,170.86,32.55,6.35
2025-07-01,Radio,Enter produce old last western.,134.6,45.07,8.8
2025-05-21,Print,Purpose answer adult account power.,125.4,78.09,5.51
2025-06-14,Online,Course training evening hair.,29.92,23.85,7.51
2025-07-05,Radio,Before course local.,121.74,41.99,9.83
2025-05-05,TV,Push she property easy least.,103.5,,5.79
2025-07-06,Online,Region military.,32.92,32.72,7.9
2025-04-25,Online,Model guy watch trial.,41.99,75.2,7.91
2025-04-30,Print,Section heart run.,137.97,77.54,6.29
2025-04-26,Online,Table will lose.,164.59,48.52,4.02
2025-06-19,Print,Election buy low.,34.93,37.84,3.5
2025-05-17,Online,Right story use by.,31.34,36.17,6.62
2025-07-08,Radio,Buy guess detail range despite.,69.94,97.91,3.84
2025-06-27,Print,Visit project.,73.17,66.72,1.87
V2XXgvzc,TV,Reflect common feel.,126.63,7.91,4.54
2025-05-03,Print,Heavy concern interesting hard culture.,169.53,23.56,10.0
2025-05-21,Print,Whom blood.,35.35,21.48,9.43
2025-04-24,TV,Example improve something east.,97.97,26.87,6.09
2025-07-03,Radio,Cost represent far class more.,49.08,88.87,5.07
2025-05-15,Radio,Small leg federal.,170.59,,1.8
2025-07-03,Online,Age oil million garden air.,189.68,99.14,7.55
2025-05-06,Print,Should girl treatment to.,166.06,57.96,7.17
2025-04-24,Online,Scientist offer.,196.88,78.32,1.85
2025-04-22,TV,Real team high no central.,185.03,80.62,3.94
2025-07-13,Radio,Administration long.,16.7,2.45,2.05
2025-06-01,Print,Democratic ground.,15.81,25.44,
2025-06-11,Online,Four type others.,128.29,69.42,4.8
2025-05-09,Online,Few fly behind.,121.39,98.75,5.54
2025-06-25,TV,List network church office.,175.72,57.57,9.59
2025-05-19,Print,Out stuff ask on.,115.2,39.87,6.27
2025-05-28,Online,Near occur involve prepare already.,84.31,86.1,8.31
2025-04-20,Radio,Try throughout three.,96.23,13.83,7.56
2025-05-19,Online,Military yeah suffer.,51.96,33.28,4.51
2025-05-20,Online,Common central better stand.,48.57,75.14,7.5
2025-06-02,Print,Agent power bill.,87.12,1.1,6.41
2025-05-10,TV,Whose wait successful because law.,23.93,66.18,1.86
2025-04-29,Radio,Walk everyone music.,83.9,10.26,8.33
2025-06-09,Radio,Three news line.,122.73,93.5,2.15
2025-04-15,Radio,Threat majority prevent hot.,111.65,97.86,9.63
2025-05-06,Online,My let.,177.52,85.11,5.06
2025-05-07,TV,Cultural color grow such.,110.11,99.17,1.1
2025-06-02,Print,Middle region investment.,184.75,63.01,5.99
2025-07-13,Online,Fund many performance.,185.41,73.63,1.68
2025-04-22,Print,Quickly remain.,45.87,62.95,6.79
2025-04-27,Print,Within hand around bill mission.,95.83,43.32,5.19
2025-04-16,Print,Throughout focus body fact TV.,96.84,79.12,9.76
2025-06-25,TV,Phone skill item.,38.47,11.37,5.08
2025-07-13,Online,Direction unit fine environmental leader.,,81.44,9.55
2025-06-20,Online,Reach southern civil.,92.2,92.66,6.13
2025-05-25,TV,Know either early its.,88.61,97.66,8.65
2025-06-04,Radio,Offer well building both likely.,141.72,75.07,2.92
2025-06-22,Radio,Her score blue political.,173.83,54.86,1.87
2025-05-20,Online,Money real line situation.,152.26,67.77,6.47
2025-06-12,TV,Nature international north low.,188.29,46.93,1.0
2025-05-05,Online,By night daughter.,54.54,6.77,1.57
2025-06-02,TV,Threat season produce tend.,139.4,40.98,9.14
2025-05-13,Print,Station sea.,90.09,7.84,6.24
2025-04-30,Print,Yourself media process.,175.82,15.22,5.33
2025-05-16,Print,Able five scene store.,175.03,10.62,9.45
2025-07-12,TV,Civil meeting say short.,110.22,32.47,1.57
2025-04-27,TV,Change lead do around.,66.43,38.51,1.38
2025-05-30,Radio,Between news keep record.,29.29,96.4,9.53
2025-06-19,Radio,Speech real where floor.,44.44,81.46,4.11
2025-05-31,Radio,Story trial save among.,163.14,87.53,3.01
2025-06-13,TV,Then book probably.,144.97,62.24,2.41
2025-04-25,Print,Garden condition.,194.61,35.71,4.22
2025-04-20,Online,Travel toward couple government kitchen.,19.59,56.91,1.22
2025-05-01,Print,Service five animal institution.,197.15,72.0,9.02
2025-05-28,Online,Window leave fall stage.,38.31,57.29,4.31
2025-06-11,Print,Traditional carry weight article.,30.8,75.15,1.13
2025-05-21,Radio,Trade tree better.,61.9,48.24,1.23
,Radio,Require head.,136.32,98.22,1.89
2025-04-20,Online,Eight staff why speak.,196.26,18.93,8.91
2025-05-27,Radio,Entire our skill important.,72.59,39.93,8.97
2025-06-03,,Range alone bar serve myself.,,99.41,8.12
2025-05-31,Radio,Table garden degree but usually.,46.85,90.16,3.3
2025-04-30,Online,World become forward now.,136.7,93.2,8.34
2025-05-05,TV,Whatever yet.,175.65,89.93,8.29
2025-05-03,Radio,Really between however pretty firm.,45.88,23.41,2.48
2025-06-27,Radio,5kdz4jjc,118.47,9.46,3.17
2025-06-24,TV,Fund want necessary top hundred.,79.85,4.23,8.75
2025-06-02,Radio,Thousand strategy serious organization perform.,89.45,81.0,6.8
2025-05-04,Radio,Than message point.,72.42,30.95,8.39
2025-06-08,Online,wytYJGCx,86.98,79.49,2.43
2025-04-17,Online,Most effect yet.,120.32,24.65,3.19
2025-05-10,Radio,Goal foreign pretty event.,51.84,49.13,5.77
2025-06-28,Radio,Deal happy material.,179.54,82.47,6.95
2025-07-02,TV,Work with right difference.,122.72,87.29,5.04
2025-05-28,Print,Behavior worker table likely.,79.47,90.69,1.39
2025-05-17,Print,Artist factor capital trade want.,120.93,68.96,4.86
2025-05-14,TV,Various entire agreement sometimes.,125.16,86.59,9.41
2025-05-26,Online,Industry then political central.,42.7,70.39,9.94
2025-06-25,TV,Action experience make.,137.31,28.94,
2025-05-29,Radio,Commercial lawyer.,171.54,43.11,9.02
2025-05-30,TV,Son consider way pressure between.,174.58,9.26,6.96
2025-07-13,Print,Once south PM thank.,52.06,72.42,1.04
2025-07-06,Online,Kind become wrong happy girl.,45.72,7.53,2.38
2025-06-04,Print,Country teach design.,62.53,93.19,9.42
2025-04-16,Online,Within like government record sport.,122.49,98.14,7.04
2025-05-21,Radio,Network easy give.,14.03,15.11,2.57
2025-06-01,Online,Man article southern budget happen.,63.48,26.2,5.49
2025-05-28,Print,Sure site community laugh difficult.,100.41,51.49,9.24
2025-07-06,TV,Generation figure later.,161.91,64.14,6.31
2025-07-10,TV,Its second important.,195.94,6.49,2.83
2025-05-03,Online,Church real surface two.,118.7,23.19,8.43
2025-04-16,Print,Box scene school where.,,50.58,5.84
2025-05-08,Print,Event west.,61.81,57.21,2.36
2025-06-30,Online,Find deep.,175.84,59.67,2.66
2025-05-14,Radio,On few production cover hundred.,157.67,86.49,4.35
2025-04-26,Online,True visit major.,67.33,67.5,7.31
2025-05-03,Radio,Always week market so manager.,97.41,44.34,5.25
2025-06-05,TV,Style expert thousand appear.,87.02,73.87,4.3
2025-04-26,Online,Benefit final writer ball.,58.16,31.24,7.74
2025-04-15,Print,Cover method.,13.14,55.65,1.92
2025-05-18,Radio,Goal sing over.,109.92,71.24,8.54
2025-07-09,Radio,Parent generation north.,179.1,70.38,6.12
2025-05-09,Online,Arrive attack.,101.43,75.48,7.74
2025-05-27,Print,Behavior above.,144.71,34.15,6.04
2025-05-28,Online,Research she ahead smile system.,163.66,76.16,8.16
2025-06-05,Print,Measure attention former however feel.,25.94,72.24,3.66
2025-07-01,Online,,190.62,89.25,1.97
2025-04-16,TV,Stay field still individual.,155.59,81.35,7.2
2025-06-15,Radio,Deal than forward action more.,184.52,95.04,4.16
2025-06-10,TV,Everyone memory name position.,192.73,24.79,5.28
2025-05-11,Online,Go medical talk will.,192.91,89.2,8.76
2025-04-23,Radio,Reveal exist we land.,125.68,70.83,5.9
2025-05-27,Print,Debate model include resource.,183.26,17.96,3.75
2025-07-05,Print,Sit scene.,39.34,32.32,1.07
2025-05-22,Print,Low as tree military including.,21.88,7.9,6.32
2025-06-17,TV,Exactly much speak.,157.13,36.19,8.68
2025-06-24,Print,Run including box.,84.46,99.86,3.34
2025-05-01,Online,Quality attack reduce entire.,110.69,74.48,2.64
2025-05-08,Online,Message shoulder.,172.0,52.99,8.22
2025-04-17,Radio,Some test imagine.,3sgXiRdZ,42.54,6.71
2025-05-22,Radio,Religious government.,67.6,65.38,2.03
2025-05-13,TV,Commercial boy evening edge piece.,28.67,45.69,7.55
2025-07-07,Online,Could future.,64.17,44.38,4.57
2025-07-07,Print,Cut eat in specific event.,154.31,60.44,5.66
2025-04-19,Print,Free half give drop.,55.17,71.04,8.92
2025-07-07,Radio,Least successful forget television.,194.78,47.33,2.31
EsUxyGKE,TV,Seven bring.,62.82,48.52,7.36
2025-06-20,Radio,Along herself many since.,19.79,64.89,1.98
2025-05-06,TV,Environmental now message yourself wish.,146.82,70.78,6.53
2025-05-06,Print,Drug it beautiful about anyone.,42.15,12.05,4.13
2025-05-22,Online,Act born difficult.,196.45,17.65,3.79
2025-07-03,Online,Affect sign black check.,25.03,27.28,4.14
2025-06-17,Online,Cause wide deep.,179.87,83.03,2.81
2025-06-01,Online,Author group role white.,98.37,55.69,5.18
2025-06-02,Radio,Pretty treatment former along officer.,168.7,47.92,9.07
2025-05-17,TV,Tv girl bar.,121.8,64.05,2.4
2025-06-04,TV,Good reason.,12.67,44.5,4.28
2025-04-16,Print,Know blood right.,156.79,2.7,2.86
2025-05-05,Print,Quite environment personal low.,55.52,30.26,4.66
2025-05-17,Online,Major instead politics.,58.5,70.22,8.37
2025-05-23,Radio,Successful billion strategy.,120.12,8.73,8.47
2025-05-10,Online,Low something size item.,47.06,58.4,7.95
2025-06-11,Print,Some into author we.,161.19,81.73,8.05
2025-05-04,Print,Certain majority sign.,34.89,87.7,4.22
2025-05-29,Radio,Assume fly key.,82.9,97.56,8.77
2025-04-30,Online,Everybody order must interview.,107.96,69.79,1.64
2025-06-14,Print,Even since rise speak.,64.61,91.33,3.07
2025-06-12,TV,Option room not.,121.94,86.41,1.25
2025-05-12,Radio,Resource interview information.,89.49,72.29,5.47
2025-07-05,Print,Whether new leg common.,146.62,84.45,1.32
2025-07-05,Print,Development memory woman use lose.,96.54,39.18,8.0
2025-04-22,Print,Nation glass moment.,12.5,35.7,2.23
2025-07-02,TV,Bad perhaps sure notice rise.,181.82,62.61,8.19
2025-06-04,TV,Best doctor away.,120.83,38.65,9.22
2025-07-01,TV,Center time near half.,111.37,2.18,9.4
2025-06-26,Print,Book action radio.,41.54,89.25,4.55
2025-06-07,Print,Church dream try or shake.,137.45,7.59,9.42
2025-04-29,Radio,Coach into way remember.,42.72,81.83,2.89
2025-06-14,Radio,Yeah law scene raise.,79.37,21.11,1.15
2025-06-29,TV,Purpose Republican specific pick.,52.31,45.09,8.78
2025-05-03,Radio,Bar well father form.,32.93,,7.47
2025-05-28,TV,Return mention stock prepare.,79.33,83.08,3.37
2025-07-03,TV,Must lay move strong.,75.36,,7.02
2025-04-18,Radio,Many issue outside instead.,153.08,59.49,5.26
2025-06-20,TV,Start much study list improve.,96.68,68.66,9.3
2025-05-18,Online,Follow sometimes prepare institution.,173.56,25.73,1.17
2025-07-05,TV,Ready himself affect.,77.77,46.23,2.43
2025-06-16,Print,Drop apply may.,22.07,45.05,7.53
2025-06-27,Print,Spring economic newspaper building.,48.23,25.56,6.8
2025-05-23,Print,Tell behind figure.,160.04,70.12,9.16
2025-05-25,Radio,How south attention.,196.28,24.27,8.17
2025-06-22,Radio,Job practice focus do.,92.84,61.58,3.62
2025-07-02,TV,Indeed politics speech begin century.,103.92,87.31,6.3
2025-06-15,Radio,Beat day second too economy.,38.18,91.58,5.05
2025-06-21,TV,Brother crime go.,86.72,26.69,4.95
2025-06-09,Print,Head about.,60.89,94.91,2.74
2025-06-04,Radio,Grow type safe.,21.91,84.11,7.55
2025-07-03,TV,Feel in sing anyone claim.,27.24,19.47,6.73
2025-07-07,Print,Again want music.,166.82,74.06,8.37
2025-04-19,TV,Candidate mention forward you recognize.,31.23,44.81,1.67
2025-06-08,Online,Able economy stand data.,17.86,84.29,3.26
2025-04-23,Online,Church education simply.,113.94,49.58,3.49
2025-06-29,Radio,The popular together.,76.98,94.76,4.97
2025-04-23,Online,Let kitchen.,151.3,56.25,5.59
2025-06-20,TV,Pm upon too.,191.6,79.48,5.15
2025-06-13,Online,Use page may.,28.02,70.09,2.12
2025-05-03,TV,Pm indeed.,157.49,89.45,3.52
2025-06-21,Print,Probably billion strategy.,97.44,18.0,4.33
2025-04-27,Radio,Wide best foot necessary.,50.42,62.95,2.47
2025-05-21,Radio,Morning civil arrive.,190.8,16.41,1.46
2025-04-24,TV,Benefit believe require herself voice.,180.32,13.07,7.14
2025-06-14,Print,Issue guy early campaign.,19.95,2.99,7.99
2025-07-09,Online,Word live bill teach movement.,183.5,15.77,9.65
2025-05-21,Online,Though another realize.,19.24,0.85,9.6
2025-04-30,Radio,Program huge.,35.71,63.51,3.13
2025-05-02,Print,Several travel according.,154.38,29.59,2.18
2025-04-22,Radio,Tonight deal.,81.65,70.46,8.31
2025-05-30,Print,Center statement data adult.,35.65,50.14,1.26
2025-04-28,TV,Simply movement how court.,117.97,35.33,5.33
2025-07-08,Radio,Natural likely.,107.63,9.06,6.72
2025-05-23,Online,Move stuff people.,166.56,14.89,2.91
2025-05-05,TV,Lead could citizen.,44.97,67.65,6.2
2025-04-21,Online,Me write look hear.,91.43,34.7,1.15
2025-06-20,TV,Minute chance gas condition.,114.93,70.2,7.97
2025-04-23,Radio,Note marriage himself.,157.69,59.81,8.64
2025-05-24,Radio,Near cut however necessary.,148.65,11.72,5.27
2025-06-17,Print,See young.,124.21,11.23,7.33
2025-05-09,Print,Without interview notice.,114.45,13.24,1.72
2025-06-22,TV,Not cold finally.,10.55,36.7,9.19
2025-05-20,Radio,People good sport.,45.61,78.51,3.03
2025-05-12,Radio,Past condition computer poor.,Qh2TtnO6,38.03,1.26
2025-07-04,Online,Reflect several start wonder produce.,161.38,1.04,9.28
2025-07-01,Online,Fall either month.,97.33,42.67,8.0
2025-05-09,Radio,Perform catch actually system.,135.77,31.95,7.3
2025-06-16,Radio,Energy arm.,133.08,56.74,6.31
2025-06-17,Radio,Want top politics across fear.,175.45,24.51,6.16
2025-04-17,TV,Sea woman property.,154.88,24.96,6.91
2025-04-15,,His worry.,124.49,61.09,1.53
2025-05-03,Print,Third then.,18.92,35.69,4.48
2025-05-05,Radio,None start behavior real.,66.35,,6.03
2025-06-30,Radio,Degree player might.,199.55,22.96,5.63
2025-06-01,Online,Color teach.,162.54,63.54,2.96
2025-07-02,Online,Down enjoy relationship its.,168.73,77.18,1.8
2025-06-18,Print,Little hit yard million break.,95.45,47.95,6.95
2025-05-04,Print,Every space others son.,180.22,40.52,9.13
2025-06-26,Radio,Pm nothing generation.,15.6,60.61,1.82
2025-05-22,Print,Commercial look later.,157.75,35.2,1.07
2025-05-05,Print,Partner enough.,63.72,71.69,3.42
2025-05-16,Print,Security yourself including between station.,88.31,38.67,4.91
2025-06-23,Print,Since worker hundred.,140.0,49.34,8.85
2025-06-11,,Debate prove easy game quite.,71.95,84.68,8.39
2025-06-29,Print,Pull Democrat may point democratic.,48.7,22.88,2.83
2025-06-03,Radio,Part let thing national.,40.1,98.89,1.34
2025-05-29,Radio,Start later more man.,23.84,1.66,8.39
2025-05-22,Radio,Bill bank.,116.23,66.97,1.92
2025-07-01,TV,Attorney water receive.,79.75,80.58,3.79
2025-04-23,TV,Push stuff reality.,165.12,78.65,5.62
2025-06-16,TV,Edge century development choose five.,149.77,18.81,6.91
2025-05-11,Radio,Stay according again choice less.,174.03,42.99,9.12
2025-05-13,Print,Draw report effect forward.,26.51,95.7,2.6
2025-06-07,Print,Professor trip list good.,137.14,49.35,9.0
2025-06-21,Online,Interesting carry thing paper.,155.33,21.17,7.08
2025-05-10,Print,Morning region five.,90.73,9.87,1.77
2025-06-25,Print,Police easy stop pressure.,157.77,94.23,3.98
2025-05-04,Print,Student area one.,46.42,39.57,4.6
2025-06-10,Online,Across or still.,131.88,5.87,6.53
2025-07-06,TV,Fear day class.,173.54,46.22,7.03
2025-05-21,TV,Kitchen very community.,178.13,76.86,PPsI8o1F
2025-06-05,Radio,Forward oil least budget increase.,93.97,76.44,9.31
2025-06-19,Print,Industry beautiful newspaper.,193.2,3.17,3.2
2025-04-23,Print,Coach religious.,17.15,16.52,4.97
2025-06-25,Radio,Clear situation several others although.,177.55,96.84,7.59
2025-06-14,TV,Blood kid sign report medical.,77.29,31.02,8.58
2025-05-11,TV,Military tell worker current.,10.9,85.61,3.41
2025-05-20,Online,Culture keep.,73.38,23.92,6.16
2025-05-14,Radio,,166.16,45.58,9.24
2025-07-09,Radio,Start entire how.,138.52,56.22,7.61
2025-04-26,Print,Technology avoid all hair.,190.24,49.41,9.2
2025-05-29,Print,Require painting ahead.,70.35,4.57,2.35
2025-07-13,Online,Success laugh finally.,101.26,54.29,7.26
2025-06-03,TV,Use nothing responsibility key.,83.93,21.64,6.93
2025-06-08,Print,Prove point final billion.,36.43,18.48,7.17
2025-06-25,Print,Leader age collection.,29.99,62.65,5.39
2025-07-05,Print,Role important company any.,170.58,17.58,1.29
2025-05-04,Print,We commercial series environmental the.,94.8,63.94,3.66
2025-05-23,Print,Ground bad view.,62.34,57.82,7.68
2025-05-19,TV,Make society which find.,120.72,0.87,7.22
2025-04-18,Print,Long off culture camera.,42.45,67.06,3.45
2025-07-13,TV,Project follow.,85.33,45.2,9.59
2025-07-01,Radio,Product chance enough.,188.0,71.16,8.77
2025-05-09,Online,Season network look smile.,127.71,57.41,2.13
2025-05-28,Online,Air west her wide would.,159.36,30.32,9.46
2025-06-09,Print,Down add girl painting order.,43.31,69.43,2.27
2025-05-29,Print,Fact firm surface rule.,147.53,75.98,4.24
2025-04-19,Radio,Past pattern difference.,100.47,69.69,1.51
2025-05-09,Radio,Reach hospital.,112.94,41.6,8.94
2025-06-11,Online,Soon protect agree next.,132.5,7.37,m532lIm0
2025-05-28,Print,Adult author ahead.,89.04,19.93,2.24
2025-06-08,Print,Term him goal.,56.58,28.57,5.69
2025-04-17,Print,Everyone term.,101.26,89.64,3.77
2025-05-09,Print,Yeah market put clearly.,137.94,10.83,7.92
2025-05-15,Print,Laugh other special.,52.72,72.38,8.6
2025-05-09,Print,Send third.,14.94,37.73,2.22
2025-05-15,Print,Itself evening apply.,89.55,99.75,9.73
2025-05-01,Print,Author today.,90.5,77.8,3.85
2025-06-06,Radio,Good executive lot way finally.,159.84,22.82,1.7
2025-06-16,TV,Professional often happy.,158.46,73.99,5.64
2025-04-26,Online,Minute stay lose.,95.4,25.32,6.55
2025-07-05,Online,West poor two because.,181.97,13.28,3.91
2025-06-24,Online,Through tough when very.,141.84,37.74,5.12
2025-06-02,Radio,Speech address item wrong.,100.42,18.09,5.15
2025-06-09,Radio,Be operation smile.,131.91,20.11,4.38
2025-04-16,Print,Just identify low beautiful.,125.67,37.45,6.26
2025-05-20,Online,Wonder reach gas north.,157.29,35.0,3.76
2025-05-31,Print,Citizen dream.,83.32,66.0,7.43
2025-06-27,Radio,Question author reach.,119.06,78.89,6.27
2025-06-20,TV,Establish large quickly themselves.,137.2,6.5,7.33
2025-05-06,Print,Require chance magazine exactly.,156.84,55.18,2.21
2025-04-21,Radio,Figure bill view sell structure.,12.28,64.22,6.8
2025-05-22,Print,Fish second.,12.79,45.97,1.46
2025-04-29,Radio,Wish subject a.,149.97,15.85,3.39
2025-06-05,Radio,Increase weight buy action capital.,146.02,54.53,4.73
2025-06-11,Radio,Method trouble.,87.47,66.68,5.97
2025-06-03,Print,Traditional all.,50.45,55.51,6.96
2025-05-15,Print,Brother during.,149.01,72.61,1.69
2025-05-03,Radio,Crime best company meet.,66.19,22.65,4.58
2025-05-27,TV,Word student never high dream.,117.02,2.63,4.03
2025-05-16,Radio,Like physical serve threat try.,156.73,11.25,6.54
2025-05-02,Radio,Everybody program up movement into.,110.87,55.54,6.81
2025-05-03,Print,President almost company government woman.,83.02,23.12,3.93
2025-06-10,Radio,Research minute glass business improve.,80.12,36.23,5.42
2025-04-15,Print,Large challenge.,77.35,6.94,9.1
2025-06-09,Online,Part forward animal.,141.02,64.0,6.48
2025-06-30,TV,Practice north report whole traditional.,16.65,35.82,9.81
2025-05-05,Print,Hair short memory usually.,31.85,42.34,8.41
2025-04-19,Online,Assume very.,47.95,16.36,8.65
2025-07-08,TV,Blue day.,196.17,37.5,5.76
2025-04-19,Radio,Better same.,172.57,13.8,9.06
2025-06-05,Print,Far last clear continue.,19.96,62.15,1.32
2025-06-08,Radio,Account stuff main final.,38.01,2.27,1.36
2025-04-18,Print,Son left door.,102.62,36.0,4.73
2025-05-10,Print,Choice technology special probably.,66.05,18.64,2.73
2025-05-05,Print,Position ground against set at.,134.16,40.61,5.51
2025-05-02,Radio,Western item.,20.72,78.57,2.96
2025-05-18,TV,Husband available day.,22.33,23.68,7.37
2025-05-18,Radio,Brother age sing.,,0.45,8.73
2025-07-11,TV,None pressure reveal prepare.,195.18,39.35,6.75
2025-05-31,Online,,165.07,25.12,4.84
2025-06-25,Radio,Animal against tend official.,136.52,1.0,9.88
2025-04-27,TV,Participant these wait.,65.85,69.99,8.32
2025-05-15,Online,News simply treatment career federal.,76.74,29.73,9.02
fFgSCJAT,Radio,If see choose site.,141.5,97.17,5.79
2025-06-21,Print,Certainly couple.,192.59,79.44,9.38
2025-04-25,Online,International citizen.,45.85,67.23,8.22
2025-07-06,Radio,Along mean property military.,168.47,29.58,5.49
2025-05-24,TV,Remember happen.,92.68,65.88,7.38
2025-07-12,TV,Woman all manage.,178.42,64.5,7.88
2025-05-26,TV,Ahead hospital others democratic.,46.94,34.24,6.97
2025-05-24,Print,Health beat matter alone.,113.47,35.01,7.3
2025-04-25,Print,Reduce red fund.,168.93,58.46,1.42
2025-06-17,TV,A focus short exist.,160.96,24.05,7.41
2025-05-05,Online,Weight because surface town.,94.11,30.54,4.51
2025-04-18,Radio,Reason term store.,85.93,66.5,9.07
2025-06-18,Radio,Necessary physical hotel reach hold.,167.77,8.79,4.31
2025-06-26,Online,Difficult part authority likely.,130.16,17.8,8.68
2025-05-04,Print,College if out consider.,194.82,67.34,
2025-04-15,TV,Newspaper chair including it.,176.22,9.16,7.67
2025-06-24,Online,Quite but into.,94.28,14.31,9.02
2025-05-20,TV,Back remain.,50.87,13.01,4.04
2025-06-27,TV,Environmental church true.,55.48,46.91,6.92
2025-05-04,Radio,Economy his full official.,103.75,52.13,8.65
2025-06-06,Radio,Plant be use always.,194.96,10.56,4.4
2025-05-01,Online,Writer nature born.,13.34,94.56,9.78
2025-06-28,Radio,Teach other woman hear.,97.87,92.4,7.02
2025-04-30,Print,Believe cut billion every.,24.35,20.21,3.68
2025-04-19,Online,Head difference high.,47.26,0.55,1.26
2025-04-29,TV,Indeed dream imagine.,151.6,29.89,1.33
2025-06-28,Online,Hold rate matter create.,180.05,12.23,6.96
2025-07-09,Print,Level image pick lot.,157.0,15.06,8.01
2025-05-07,Online,Animal admit house score leave.,40.67,61.24,7.75
2025-04-20,Print,Fly culture court.,,95.33,9.09
2025-07-12,Online,Those toward deep spend economy.,174.19,14.39,2.46
2025-04-17,Online,Sound remain he.,184.01,80.68,1.7
2025-05-31,TV,Phone bring.,120.01,42.96,7.24
2025-04-24,Print,Nothing experience garden science.,88.23,78.26,5.71
2025-07-05,Print,Total trial see.,139.73,87.39,3.25
2025-05-30,Print,Social behavior person military give.,40.6,65.78,6.24
2025-04-20,Radio,Condition edge partner.,82.55,74.72,3.8
2025-06-01,TV,Television exactly be with land.,197.43,39.47,8.29
2025-06-02,Radio,Also defense significant.,41.79,12.95,9.5
2025-05-14,Radio,What arrive heart course Congress.,170.67,80.8,3.46
2025-04-27,Online,Worker audience budget town rather.,135.79,20.21,3.76
2025-06-27,Print,That him site heart.,14.4,18.41,7.53
2025-06-03,Online,Lead nearly song cold.,42.84,29.65,7.45
2025-05-08,Online,Teach step visit challenge board.,103.01,49.14,7.8
2025-05-27,TV,Material establish material.,193.74,96.8,9.8
2025-06-17,Print,Left whole every administration.,38.92,8.73,5.16
2025-04-20,Online,Theory hit.,23.97,32.85,1.48
2025-04-19,TV,Conference edge safe everyone.,80.57,94.25,5.68
2025-05-07,Radio,Trip indicate my among listen.,113.78,0.42,2.37
2025-05-20,TV,Stop economic view organization.,169.67,74.12,4.93
2025-06-12,Print,Gas specific.,116.26,17.33,2.93
2025-05-13,TV,Body thing little.,106.5,91.23,6.06
2025-04-17,Online,Support person learn history image.,126.46,32.61,8.71
2025-06-24,Z9kUZxDl,Center if would now.,138.85,50.24,8.95
2025-06-04,TV,Interest now.,180.04,79.41,6.08
2025-04-30,Online,Kind light in fund general.,97.13,36.88,6.44
2025-04-16,Print,Voice begin sound suffer.,130.06,64.3,8.46
2025-04-26,Print,Amount continue certain dark.,136.26,61.08,1.7
2025-07-01,Print,Far prevent significant practice.,44.5,57.59,3.78
2025-06-30,TV,Special save.,174.84,98.68,9.68
2025-07-11,TV,Even statement environment quickly.,181.21,17.99,2.87
2025-07-02,Radio,Election together.,199.78,9.03,9.46
2025-04-22,Online,Media radio work behavior.,72.35,42.22,6.86
2025-06-20,Online,A value wife improve.,94.53,44.06,8.76
2025-06-12,Online,Set cover young case time.,13.37,14.86,3.73
2025-07-05,Online,Common actually authority meeting these.,162.59,86.17,6.0
2025-07-03,TV,Help world environmental leave.,199.74,54.21,MmqsuBYj
2025-05-23,Online,Popular avoid father place.,108.17,34.55,8.43
2025-04-28,Radio,Marriage present month.,178.39,40.94,8.75
2025-06-16,TV,Poor success.,27.56,91.37,7.97
2025-07-13,Online,Home cut.,18.82,24.46,1.22
2025-05-03,TV,Not peace always.,190.96,59.58,8.52
2025-07-04,Radio,Could way quality ball.,71.44,45.89,8.6
2025-04-19,Radio,Out task ground see same.,67.95,19.08,3.76
2025-06-10,Online,According window.,140.46,88.89,8.98
2025-06-25,TV,War beautiful.,144.96,4.13,1.84
2025-06-27,Print,Note debate agreement.,28.04,1.99,7.56
2025-07-13,Print,Image something with.,154.59,10.48,5.13
2025-05-18,Print,Receive picture else whatever light.,90.69,43.64,5.3
2025-07-06,TV,Air moment amount.,144.94,5.34,8.19
2025-05-23,Print,Nice conference leave.,21.3,53.18,9.07
2025-07-13,Print,Pressure social.,144.65,99.74,9.8
2025-05-16,Online,Project lead forget billion.,29.42,2.11,6.74
2025-05-15,Online,Trouble wife best store allow.,51.65,35.5,6.16
2025-06-17,Radio,Various a religious class.,98.2,96.46,9.37
2025-07-04,TV,Child according get hand.,165.14,97.19,3.12
2025-06-10,Print,Test dog though.,16.48,28.04,9.65
2025-04-21,Radio,After through form hour.,118.46,97.36,8.43
2025-06-25,Online,Benefit act war goal development.,193.46,79.72,6.85
2025-05-16,TV,Mission conference.,150.31,46.84,4.0
2025-04-22,Radio,Treat own character account.,28.1,85.36,5.48
2025-06-12,TV,I apply stock project.,31.21,92.84,9.33
2025-06-16,TV,Minute maybe more.,44.84,77.75,1.07
2025-05-09,Print,Despite deep society fine.,199.92,70.17,5.84
2025-04-15,Print,Recently who parent.,62.66,65.21,2.42
2025-06-24,Online,Person positive.,133.59,31.52,2.17
2025-06-09,TV,War perform case.,87.57,72.63,3.25
2025-06-03,Online,Consider there allow.,146.29,86.66,8.36
2025-05-09,TV,Main night.,64.5,19.26,5.34
2025-05-02,Online,Place thus TV trial identify.,30.46,14.42,9.17
2025-04-28,Online,Money say whole trip.,46.07,36.66,9.42
2025-05-24,Radio,Important all price.,10.37,28.75,7.54
2025-04-21,Radio,Poor lawyer Republican close.,60.84,50.28,3.45
2025-07-12,Online,Into image citizen assume majority.,17.94,64.67,7.62
2025-06-20,Online,Hard build go man.,29.0,77.41,3.27
2025-05-08,Radio,Treatment fine thought.,190.57,31.09,4.55
2025-06-02,TV,Good owner exist.,57.17,49.77,1.48
2025-04-21,TV,Another arrive wall find cell.,39.21,23.82,3.44
2025-06-12,Online,Until half lose so hear.,190.86,8.8,5.62
2025-06-15,Print,Top bit push poor threat.,193.66,48.1,7.53
,Radio,Change past establish ten trade.,95.38,0.7,3.11
2025-05-28,Radio,Fish contain.,99.43,64.32,6.81
2025-06-10,Online,Reason simply offer because.,24.52,55.78,1.39
2025-07-02,Online,She fly stand.,165.18,21.28,7.49
2025-05-22,Online,Choice kitchen agree.,198.62,26.09,6.25
2025-05-08,Radio,Yard cover interview strategy.,35.55,74.65,
2025-04-27,Radio,Meet believe feel idea.,156.9,83.37,9.69
2025-06-30,TV,Concern writer join kind.,152.08,76.87,5.88
2025-05-21,Radio,Simple treat next.,118.72,42.51,5.15
2025-07-01,Radio,Product old response.,109.98,6.72,3.87
2025-04-17,TV,Provide little state second data.,22.47,18.75,6.79
2025-04-27,TV,Once sometimes reason room.,78.96,45.54,5.01
2025-05-30,Online,Never east member.,111.19,31.15,5.59
2025-05-02,Print,Bed near analysis game.,184.16,41.64,6.7
2025-04-24,Print,Together reach close network respond.,32.55,51.29,3.13
2025-05-26,U5j1ZAUO,Hotel mouth test.,160.95,35.66,8.36
2025-04-26,Online,Any its how.,152.51,1.9,6.65
2025-06-09,Online,Bill push consider travel.,54.52,40.54,2.45
2025-06-05,Print,Tax body where in.,163.17,92.37,8.99
2025-06-09,TV,Able group want return business.,74.98,7.85,4.79
2025-07-11,Radio,Fish fight certainly provide.,146.7,62.0,2.17
2025-06-16,Radio,Source even movie job ever.,,25.61,6.79
2025-05-19,Print,Require significant foreign.,181.81,85.88,5.69
2025-04-28,Online,Reason election relationship.,53.44,10.94,2.35
2025-05-18,TV,Red attention try hand center.,182.97,74.98,8.61
2025-06-10,Online,Themselves can minute moment provide.,138.39,16.38,3.46
2025-04-30,Print,Today similar we agency.,177.34,74.27,8.06
2025-05-02,Print,Support each.,122.11,93.16,8.4
,Radio,Team word coach.,116.93,47.11,4.94
2025-07-12,Radio,,76.61,13.25,4.93
2025-06-17,Print,Guy response student.,146.06,43.79,4.56
2025-05-23,TV,Concern card mission international create.,165.82,99.92,9.73
2025-07-03,Print,Happy throughout.,15.72,54.45,7.88
2025-06-22,Online,Bank form drop direction heart.,100.87,92.06,9.07
2025-05-14,Print,Security degree pretty door.,55.89,13.89,1.2
2025-06-15,TV,Specific no.,28.05,17.55,8.45
2025-07-05,Radio,Also media modern coach letter.,80.04,22.86,7.94
2025-05-22,Radio,Character explain.,23.61,47.48,3.73
2025-05-27,Radio,Impact cause again perform.,78.24,,1.16
2025-07-11,Print,Become form time.,86.79,92.29,9.31
2025-06-13,Radio,Kitchen single.,65.47,18.13,4.4
2025-05-27,Online,Sell deal together.,45.2,95.26,3.29
2025-07-13,Radio,Student physical thought example member.,35.57,8.23,9.12
2025-07-01,Radio,Each card cup.,49.37,60.89,8.99
2025-05-17,Radio,Recent reflect item.,98.04,73.76,7.56
2025-06-20,Radio,We game treat physical drive.,65.0,15.59,1.61
2025-05-12,TV,Hospital turn sport better note.,135.0,75.66,4.06
2025-04-26,Print,Investment party color participant.,109.53,77.6,9.83
2025-06-17,Radio,,118.92,70.57,PNaGZ4Oa
2025-04-18,TV,Call military.,11.49,98.4,1.36
2025-07-10,Online,Continue unit free benefit.,128.76,52.25,2.08
2025-05-25,Radio,Class media.,41.23,23.56,3.36
FTq4G6vZ,Radio,Guess finish.,127.88,63.65,8.17
2025-05-22,Print,Way eat benefit serve bag.,57.08,54.86,4.93
2025-05-21,Print,Lot new radio science.,111.71,30.9,3.58
2025-05-05,TV,Think inside without fly.,,40.18,9.12
2025-05-27,Radio,Wall around.,34.92,94.98,6.45
2025-06-18,TV,Character involve.,87.96,43.08,5.89
2025-04-22,TV,Care son walk.,179.58,32.29,3.24
2025-04-15,Print,Seat they.,197.36,60.9,2.71
2025-06-02,Online,Fund book movie.,69.8,49.2,4.42
2025-06-22,TV,East card drive.,139.55,86.48,6.98
2025-06-12,Online,Easy human defense strategy attack.,105.03,91.53,5.95
2025-06-10,TV,Middle forward stage.,23.89,89.57,3.42
2025-05-05,TV,Box experience.,188.58,50.79,7.45
2025-04-16,Print,Drug area admit.,124.39,75.03,4.02
2025-05-27,Online,Base this three.,124.59,43.29,8.65
2025-04-19,Online,Treatment offer camera.,118.4,1.32,4.23
2025-06-23,Online,Better amount table red.,196.54,55.75,7.72
2025-07-13,Print,Goal include.,176.69,67.32,2.75
2025-05-24,TV,Rather reduce.,17.42,56.34,1.32
2025-05-10,Print,Heavy own cover focus.,163.09,66.94,4.72
2025-04-16,Print,Item explain discuss time spend.,81.85,21.76,3.9
2025-05-12,Radio,Build always wait over.,129.98,60.54,9.81
2025-05-12,TV,Any each stand.,33.39,50.63,1.99
2025-05-02,TV,Interest happen smile.,106.71,70.55,2.8
2025-06-13,TV,Because build develop.,52.97,0.67,6.96
2025-06-06,Print,Message you score.,126.06,2.0,9.33
2025-04-15,TV,Unit half professional community.,100.48,68.93,6.75
2025-04-22,Radio,Walk heart instead instead capital.,14.45,88.96,9.5
2025-07-03,Online,Type day community activity.,141.5,46.41,4.8
2025-05-11,Online,Other type trip for.,85.89,25.34,8.84
2025-07-07,Print,Society box perhaps either particularly.,50.45,47.98,8.57
2025-06-29,TV,Table economic measure.,80.94,14.3,1.16
2025-05-07,Print,Long course.,181.56,98.61,6.6
2025-06-14,Print,Yourself lawyer without later.,116.39,71.38,2.43
2025-05-18,Online,Tonight sport young.,113.83,57.34,4.78
2025-05-24,XqS3jlhE,Despite participant.,34.98,26.08,2.1
2025-05-20,Online,Stuff realize.,48.97,73.6,4.18
2025-07-07,Online,Action win opportunity power attention.,194.3,55.12,1.93
2025-07-05,Radio,Those before them.,71.56,9.21,1.98
2025-04-30,T2F0RcmF,Many church piece doctor.,101.38,29.77,1.67
2025-05-20,Online,Season follow blood world those.,44.89,65.68,2.45
2025-04-24,Radio,Affect show foot star always.,121.84,79.7,8.3
2025-06-05,TV,Hope seat card society.,16.26,21.0,9.08
2025-07-08,Online,Town before next.,70.24,95.44,9.8
