user_id,age,gender,interest,country,city,device
b11a0fad-3777-4af2-877b-f17007a8cb90,29.0,Male,Sports,Liechtenstein,Michaelland,Desktop
214c1fd0-f691-4c19-8484-95918234787d,40.0,Other,Finance,France,Jonesfort,Mobile
45793c7c-4265-443f-8584-92097a28731a,54.0,Other,,Iraq,Jonesland,Desktop
608b4705-5a53-4c2e-95d5-86070ae6deae,44.0,Female,Health,French Polynesia,Howardview,Desktop
0920561d-f898-4065-82e4-ab9ae243a403,62.0,Male,Health,Afghanistan,Mitchellfort,Mobile
e05915a6-8d17-4a73-8715-a9f5adcfd008,19.0,Male,Food,Antarctica (the territory South of 60 deg S),Lake Gary,Desktop
4597e160-9a1b-4f78-a4ac-2bf6eb979a30,35.0,Other,Sports,Benin,Davidstad,Mobile
528fd8b3-6ba4-4ae8-9a3f-acceb0e330f6,58.0,Other,Health,Mali,Jennifershire,Desktop
3c3c2901-eaba-44a3-b9e9-aef1fe943314,41.0,Female,Travel,Estonia,Port Michellebury,Tablet
257b6c45-ec84-46ad-b34a-9af5313f82ae,65.0,Male,Sports,Iraq,East Gloria,Mobile
6fa63dad-e28d-47da-a0bf-377cac14353d,58.0,Other,Sports,Finland,Pricehaven,Mobile
012c9cc7-a6fe-4d74-b8ac-7db3e38dee29,27.0,Female,Tech,Singapore,Hillburgh,Mobile
29eb9aa1-6174-49ac-b906-e7db2b5c9425,44.0,Other,Travel,Tunisia,Port Connie,Desktop
2f9eea80-acd2-4da4-9c93-e734de7eb0ff,26.0,Female,Sports,Bahamas,Lake John,Mobile
4aaaf10a-35ef-4e89-922b-f0ba1165ea0b,43.0,Male,Travel,El Salvador,Lake Mary,Desktop
8d866b2f-7eed-4108-8d8d-6a6229630bf3,31.0,Female,Sports,Morocco,Bakerhaven,Desktop
fbe3e7fb-ec4b-4bcc-afd8-c6680305af7b,56.0,Male,Sports,Rwanda,Lake Kathrynbury,Mobile
aee9c67a-caa8-4f32-a053-3efad0bcc5c5,19.0,Other,Health,Jersey,South Chloe,Mobile
7893760c-08fe-48aa-a3b7-6e859f0a4f71,53.0,Other,Health,Mali,Davisburgh,Tablet
7ac91d7c-93f0-4310-8b3a-e4938bb5b28e,61.0,Male,Tech,Australia,New Christopherfurt,Mobile
8cbf0fb3-35b7-4086-b3c3-2c34a1e118dc,28.0,Other,Sports,Hong Kong,East Stevenview,Tablet
1e17c45d-925c-4edd-847c-d7f717a3e067,46.0,Female,Food,Mozambique,West Angelachester,Tablet
2f88fe5f-3786-4dd8-8718-35f337c14b19,21.0,Male,Health,Lesotho,South Ryanhaven,Tablet
d0fd024b-c53d-4f3e-8dc8-2716b88e85fb,55.0,Female,Travel,India,East Deniseside,Tablet
a0c172a8-f766-414e-ad55-a34b3a76f7e6,31.0,Female,Food,Libyan Arab Jamahiriya,Port Jon,Desktop
2bb5cdf8-c5bc-4400-8b28-c9be7c90a21f,22.0,Female,Sports,Vanuatu,Morenoshire,Desktop
bc281518-dfb1-4e2e-9f87-db457b13a989,64.0,Other,Food,Niue,Joshualand,Tablet
82c8da84-ff64-4383-bded-564dc18a9f16,48.0,Female,Tech,Chad,Lake Benjamin,Tablet
ddf0fcda-86d7-417a-b6d0-914308dc25a9,33.0,Male,Finance,Dominica,Dominguezfort,Tablet
eb9cd0d3-3ee0-4c19-a100-61870b577ca6,61.0,Other,Finance,Nicaragua,West Danaview,Mobile
59a1a2f8-63f0-44c0-8c44-4d668cc6c833,58.0,Male,Health,Iceland,Tylershire,Desktop
21c9d1dd-945e-4e57-8c04-c2ff3545454f,32.0,Male,Food,Algeria,Duncanburgh,Mobile
9702a38a-91ac-4fb1-aebf-f1c076038c56,32.0,Other,Finance,French Polynesia,,Tablet
,25.0,Other,Sports,Micronesia,New Lisatown,Desktop
02757ade-1918-4f11-8555-b21ae2a271e2,37.0,Other,Travel,Guernsey,North Amandastad,Desktop
051c4017-2cb7-4b5d-bc54-566e086c9e10,34.0,Female,Travel,Australia,New Makayla,Tablet
30da5f08-d943-4b44-97dd-c1331edefe73,55.0,Male,Food,Timor-Leste,South Dwayne,Mobile
a1e6dac7-eb80-43b2-89da-6a1d7932e8f6,22.0,Male,Sports,Germany,South Markbury,Tablet
8f4cf811-e6f2-49e6-a9cc-7f3540c513dd,32.0,Female,Tech,Chile,Reyesmouth,Tablet
f618f7a7-228b-411c-aaa6-3050b430275f,42.0,Other,Tech,Finland,Port Stephenmouth,Desktop
1d7aca59-b9f9-4a94-93ab-3c6587e06b5f,60.0,Female,Travel,Malaysia,Cindyfurt,Tablet
143bf45e-09f0-4e30-ac77-7a47e53e7abc,24.0,Male,Food,Saint Pierre and Miquelon,East Josephside,Mobile
4e96fc05-ac9d-4b88-a697-7b4f36d334b8,29.0,Male,Health,Singapore,Lake Shelby,Tablet
063877ed-d9bd-4005-9fbf-8ebe8e2c5ca9,20.0,Female,Tech,Venezuela,Samuelburgh,Tablet
183e1a3a-5557-4165-b894-162022f42eeb,20.0,Male,Tech,Lao People's Democratic Republic,South Elizabethport,Desktop
17254564-b1fe-495f-b09a-f378ea22b614,40.0,Other,Food,Qatar,Joanside,Tablet
3ade90d6-7adf-4b52-8705-0684222a4e9a,41.0,Other,Food,Belgium,Gibbsport,Mobile
55b38caa-fa3d-4014-911a-4788e0bb01b2,24.0,Male,Travel,Belarus,Lake Jessica,Tablet
caaacb98-9024-4c6f-9a32-bfeb3f03573a,32.0,Other,Finance,Taiwan,West Carla,Mobile
1cbaf384-d7fb-46fa-b721-3815f15dd332,,Other,Finance,Sierra Leone,Michaelchester,Tablet
de8cf45f-9f9d-4c9b-8a15-8d611c3e47d3,56.0,Other,Food,Montserrat,Lake Louisport,
16aa43ed-0db8-4176-96d8-836f196be592,26.0,Male,,Saint Kitts and Nevis,Andrewport,Desktop
6233d9d6-7561-430c-9997-1e08d4c59e7d,59.0,Female,Sports,Mauritius,Dillonfurt,Mobile
68ae370b-b9a2-4c9a-9f1c-408de74d97bb,62.0,Male,Food,,Littleshire,Mobile
3a7df5c3-6fc4-45f1-ab95-ff23b68e2bac,45.0,Female,Health,Uruguay,Bautistaberg,vAs9NqbL
0686ebf9-4567-4469-98cc-6af365a2576d,26.0,Female,Sports,Faroe Islands,Port Kennethberg,Mobile
4a9e658d-f283-4f05-a852-f6a27b03e6d0,44.0,Female,Health,Belarus,Port Jessicaborough,Tablet
e24485e0-c009-45d0-a524-723975cfdd20,43.0,Female,Finance,Central African Republic,North Sandra,Mobile
042e579d-29ca-4ff7-906e-8cb6fe58cdfa,49.0,Male,Food,Djibouti,Aliciaborough,Tablet
2ffaca9b-c645-4c93-bcf0-ad1b1c0a36c7,28.0,Male,Sports,Malaysia,Murrayton,Mobile
23141963-5a41-46e0-afbb-082db612804c,46.0,Female,Tech,Kiribati,Petersonland,Tablet
dee1b558-76f7-49fe-b660-0e44a417f5b0,29.0,Female,Sports,Belize,West Tammyfurt,Mobile
66850137-9ff4-46e8-806a-817d9035fc94,24.0,Male,Sports,Portugal,Thompsonmouth,Mobile
273b0b0e-c480-4b21-aa2a-653468a8d22f,59.0,Male,Health,Poland,Delgadofort,Tablet
043daf0f-c51b-4ae9-884e-5b28fdf6ad9e,63.0,Female,Travel,Saint Martin,Fordfurt,Desktop
5603e363-021e-42fb-8546-3866475ad918,55.0,Male,Travel,Saint Kitts and Nevis,Robertstown,Desktop
a3eddecc-08c9-4be6-9d9f-d4124e488043,18.0,Male,Health,Guinea-Bissau,Sanchezport,Mobile
181d3280-7e36-4556-a040-c32157979cf0,53.0,Other,Health,Cook Islands,Andrewmouth,Mobile
31c9323b-041e-42bb-ab58-a1df57085e0e,40.0,Other,Health,Malawi,Scottstad,Mobile
d66d0fbe-034b-427e-a2b0-d315b872adb5,25.0,Female,Travel,Antigua and Barbuda,North Glenda,Mobile
2474b3ea-867b-4709-9e06-42ca7a0103c1,47.0,Female,Tech,Iran,Crystalside,Mobile
03eed7f0-860a-4263-8f12-8ab5e413516d,57.0,Other,Health,Guatemala,North Michelle,Tablet
4f29956c-a6c1-48b8-b4da-260d3f1c6655,33.0,Female,Sports,Benin,Port Mark,Mobile
13c11a11-803a-414a-8a62-b97e008cec9e,55.0,Female,Food,Germany,Arroyoview,Desktop
7d985e79-4575-4521-b7f4-3ac8f269dc60,53.0,Male,Tech,Mali,New Julie,Desktop
3a7cde7e-c210-4375-babe-b594e37407b0,45.0,Male,Tech,French Guiana,Wadebury,Desktop
dfbf77b8-4cd1-4e17-a80d-303cb01c2a72,32.0,Female,Health,Antarctica (the territory South of 60 deg S),North Ryan,Desktop
b9953ded-1ad7-4861-bb45-cc2d251910c5,52.0,Male,Health,Cyprus,Reedview,Desktop
41d307da-5a27-4abe-a5a1-9f7c85814af5,53.0,Male,Finance,Mayotte,South Dennis,Tablet
53b84f97-281e-44ed-9e07-59e1aa08beaa,57.0,Other,Sports,United States Virgin Islands,Wendymouth,Tablet
6f94e70b-eaa2-4f02-bdd2-ab8b11bbed18,59.0,Male,Finance,Chad,West Christopher,Tablet
10d7559b-32e4-4a01-aa5b-d6bb1787b3da,23.0,Female,Travel,Panama,Reynoldsfurt,Mobile
f2e0bc75-20d5-40ae-a440-5797c8818a41,22.0,Other,Travel,Niue,East Kristinamouth,Tablet
2afd106c-e634-4f9a-9751-fb4a9b6d3445,26.0,Female,Health,Mauritius,Robertmouth,Mobile
b67be7d3-1c47-4a58-8c9e-3453ace629fb,27.0,Male,Sports,Sao Tome and Principe,Jacobtown,Tablet
1a04891a-12fc-40a0-ae9a-60cc3e7a3d92,47.0,Other,Finance,South Georgia and the South Sandwich Islands,Dennistown,Tablet
b282cd04-8ec6-4d14-918e-3452f6ee77ea,36.0,Male,Finance,United Arab Emirates,Kaylaburgh,Mobile
67752c67-0fee-49f1-ac4b-5a73c84f8374,45.0,Male,Travel,Indonesia,East Jessica,Tablet
,52.0,Male,Sports,Korea,Lake Amanda,Desktop
a475b584-1228-485f-b9ee-b89db04408bc,21.0,Male,Travel,Latvia,Maldonadoborough,Desktop
,64.0,Female,Travel,Guatemala,Lake Aaron,Mobile
d590bb00-4f19-4109-9cf3-1a3e8cd55f16,25.0,Female,Tech,Bolivia,Josephport,Desktop
6f5ff1f0-64c7-48a6-9bd9-87930e122c94,35.0,Other,Travel,Papua New Guinea,Rhodesfurt,Tablet
6a46769b-ef92-4e75-b80b-18570a2f2e35,46.0,Male,Food,Burkina Faso,Daniellebury,Tablet
b4d994e5-c307-48a9-80d1-6163c5a54992,27.0,Female,Travel,Colombia,Lake Clarence,Tablet
4b5185ae-9a78-4e38-937d-8fe525ee8925,33.0,Male,Tech,Bangladesh,Mclaughlinberg,Desktop
db13373f-1b14-4c9f-95bd-0b19d58c94be,32.0,Female,Finance,Togo,Jonesborough,Desktop
0d9deeb9-4e44-4966-be98-ca29ed8eab33,43.0,Female,Health,Niger,Kirkburgh,Mobile
842a29dd-7fb8-461e-9e45-c2b4ed24ca3a,35.0,Other,Travel,Benin,West Richard,Desktop
2fc6e59e-d8d2-434c-9645-da4fe8c32912,56.0,Male,Travel,Austria,Port Dustinview,Tablet
e10b9beb-42da-4644-b59f-141ff60a1b4c,61.0,Female,Health,Bermuda,Harperburgh,Mobile
e32a8a9c-bbed-4d1d-8f4a-d6d0e1d3d092,57.0,Female,Sports,Slovakia (Slovak Republic),Jessicahaven,Desktop
89c3a732-fa09-4825-83ef-b2307b2313e0,62.0,Male,Travel,Thailand,Lake Williamfort,Tablet
0812773c-b10f-40a4-acde-f4e16dcb62f9,49.0,Female,Health,South Africa,Ryanstad,Mobile
bb74d795-55f5-4934-bb44-8faef0f9a7bd,48.0,Female,Sports,Grenada,New Victoria,Tablet
c761bc1b-1cf6-4667-9ad0-7c77d0e01054,36.0,Male,Health,American Samoa,West Judytown,Mobile
d50f3cd1-6f40-405e-af10-fd466ade5361,63.0,Female,Travel,Equatorial Guinea,Mcdonaldton,Mobile
f7eea17a-9f22-4063-b94e-35079e72a8ae,46.0,Female,Finance,Bermuda,Port Jasonburgh,Tablet
ecf3bdfb-b74d-47fc-8f6d-80b0cbd0a4d2,55.0,Other,Health,New Caledonia,Matthewland,Desktop
e5f7e2f2-86c0-4d8f-8703-431c3dafe69d,40.0,Female,Finance,Serbia,Jonesborough,Tablet
922f43ba-118e-4292-9af2-6e10403dcbbb,41.0,Other,Health,Serbia,Lewisbury,Tablet
228fdbb1-727f-49e5-9a51-265d7715c17a,44.0,Other,Food,Latvia,Melissamouth,Tablet
235ab268-66c1-44bd-8b45-51c44ee5abdf,55.0,Other,Health,Mayotte,Williamsmouth,Mobile
37d9dc5f-5c3d-45d1-ac24-208d152a6620,56.0,Male,Sports,Antarctica (the territory South of 60 deg S),Lake Phillip,Tablet
86bb4229-5cba-4786-8643-aee8741b9ab8,26.0,Other,Food,Mauritania,Kellymouth,Desktop
5bb53205-3849-47b1-85f0-60885d8b7ae6,45.0,Other,Finance,Guinea-Bissau,Benjaminport,Tablet
0913b4dd-16ec-4c4b-b7be-90c86730e46c,50.0,Female,Travel,United Kingdom,Lisachester,Tablet
d9bc280f-d81d-4aae-a95c-6b22ce857e27,48.0,Other,Travel,Mauritius,East Eddie,Desktop
c1940a9f-7646-4eba-94bf-cf52b98a7937,25.0,Female,Food,Guyana,West Courtneyview,Mobile
71dedfb6-3021-4f9a-bfdc-a8d91467870a,31.0,Other,Food,Ethiopia,Port Natalieberg,Mobile
7c4ee69e-6c8d-4b68-bc48-23aaeef24ce8,26.0,Female,LyXvT1RG,British Indian Ocean Territory (Chagos Archipelago),South Tiffany,Mobile
eWoCUhKK,26.0,Female,,United States of America,Wheelertown,Tablet
1a1ac56c-56d2-4606-9fdf-f95c56d21abb,63.0,Male,Travel,Panama,Mosleytown,Mobile
296412a9-42e6-4a61-9046-2257d047b732,34.0,Male,Tech,Bhutan,Theresaside,Tablet
e116bbde-efa7-4dde-b3bf-e8f66f3e1c8f,62.0,Male,Tech,Puerto Rico,Kathrynton,Mobile
4667411c-76a1-401b-a2b7-80af47ba81c6,65.0,Female,Tech,Papua New Guinea,Wandabury,Mobile
b61ddc53-0873-40ab-96bc-8caabf63469c,42.0,Female,Tech,Cyprus,West Michaelside,Desktop
20891231-a3a2-40f4-b4b4-745e11db5821,18.0,Female,Food,New Caledonia,Jeffside,Tablet
0eecd73a-0e42-489a-8438-0aa676607da7,63.0,Female,Food,Macao,Riverachester,Mobile
d1bff300-6c1c-449f-9db9-84c68c780e0e,52.0,Male,Food,Panama,Brandontown,Mobile
8b2289b6-5539-42eb-8d11-abbca966cb55,26.0,Female,Health,Central African Republic,New Christopherberg,Desktop
472cde08-7fd8-44ce-8f89-2cb8a9bbbf69,57.0,Male,Tech,Ghana,Lake Phillip,Desktop
48135f4b-a373-429f-bdce-afc2f289c0aa,35.0,Female,Travel,Cameroon,East Diane,Mobile
831a21db-4cba-457c-8ac1-cc7dbc1a34dd,58.0,Other,Health,French Guiana,Suarezhaven,Mobile
919dbd96-d5b7-40db-b47a-310240ee73ef,56.0,Other,Health,Guernsey,Port Cynthia,Desktop
15062867-7161-48d7-a960-030b3b89ae5c,58.0,Male,Food,Antigua and Barbuda,Adkinsmouth,Tablet
4c023404-3b3f-47d1-8e1c-731c31acbc26,54.0,Other,Travel,Guinea,Lake Ericshire,Mobile
d0ff1901-1ecc-459b-8fff-cc337ee77afb,51.0,Female,Tech,Qatar,Paulberg,Desktop
2c2fc088-2f4b-443d-8953-4aa28c717289,45.0,Female,Health,France,East Anthonyshire,Tablet
731561c8-4470-452b-b504-4dca7c37342a,65.0,Other,Finance,Nepal,East Christine,Tablet
8f7e0c5b-cbd4-498d-be49-069c28ed497f,41.0,Male,Travel,Kenya,Tiffanybury,Desktop
d3437d65-2100-401d-8097-2c7daad17cbd,23.0,Female,Finance,Oman,Zoefort,Desktop
d6ee6ac4-7968-4919-8ee4-9de772339eab,47.0,Female,Health,Lithuania,Christophershire,Desktop
85e1522a-c9fe-4b2e-811c-e9f62edf056c,39.0,Other,Health,Turkmenistan,North Matthew,Desktop
49fdae8d-3fcc-432a-857a-d13b52d42446,40.0,Other,Finance,New Caledonia,Leroyside,Desktop
1483a295-6b71-41ac-af68-203708cbef32,31.0,Male,Finance,Namibia,Anthonyborough,Mobile
701945dd-be88-4f23-9f4c-e1849831211a,40.0,Male,Finance,Philippines,West Kimberly,Tablet
37009c0d-64a5-48c0-b759-67229e115a7b,44.0,Other,Food,Guinea-Bissau,West Bradleystad,Tablet
fb89c9a6-dbf5-4db2-864f-f7d01d28559a,63.0,Other,Travel,Niue,Port Francisview,Desktop
b583c8c9-42d7-4312-993c-0145a5fb8863,29.0,Male,Food,Croatia,Millerhaven,Desktop
9a9571f0-946c-4bee-9d3d-e095466c33c1,54.0,Female,Tech,Cocos (Keeling) Islands,Lake Jennifer,Tablet
a622a802-0469-4357-a8a0-2496e01e8a07,30.0,Male,Tech,Burundi,Nguyenside,Mobile
916775cd-82c4-476a-9fb1-41ac6ee38b50,30.0,Female,Health,Costa Rica,Weaverview,Tablet
6abc9fbe-f8e9-4987-9c8b-84a06e9dc78b,25.0,Other,Finance,Isle of Man,New Catherineshire,Tablet
fe601e9a-cabc-49fa-b24c-3aff9ba57897,43.0,Other,Travel,Bahamas,Maryton,Desktop
59a2b5c3-f23d-4a23-9d4b-867a2b1372c1,32.0,Other,Travel,Chile,Lake Travistown,Desktop
7c574303-92ed-475b-82da-fbb799efa323,62.0,Female,Finance,Poland,Campbellburgh,Tablet
d1b78561-eb14-4cab-836f-f7c64d284f44,22.0,Other,Health,San Marino,Lake Brittany,Mobile
a118665f-f493-45c7-abab-e8fd03c255b8,62.0,Other,Sports,Djibouti,Deleonfort,Tablet
a20f3481-0bcf-4dda-86e6-a2e6d869ec02,42.0,Female,Finance,Norfolk Island,Port Christopher,Mobile
5e08adab-0c4b-4ea1-9753-56c26b14f2b2,58.0,Other,Finance,Mauritius,West Lisastad,Mobile
bbeeac00-d586-4a95-abef-973465eeabd5,20.0,Female,Travel,Holy See (Vatican City State),New Kevin,Mobile
91435ecc-32d2-4332-8c07-3b0bf9ad69b5,53.0,Male,Health,San Marino,Ryanburgh,Desktop
e22a7c81-f3a3-4290-a6d5-b43a3b999352,28.0,Other,Health,Israel,North Justinfort,Mobile
22266304-f3f4-4a36-98cf-7a3e2cda5ede,40.0,Female,Sports,Hungary,Eddieburgh,Desktop
91b8ac7c-c3aa-42a4-a652-8a80483820da,62.0,Other,Travel,Congo,North Kelly,Mobile
67659751-ce69-4861-905a-88a4ba06a457,43.0,Male,Sports,Greece,Lake Catherine,Desktop
9cc788f9-7c94-4a14-9beb-aec447731423,61.0,Other,Travel,Christmas Island,New Chelseatown,Tablet
55f9c8d4-58ed-4d71-b48f-bdc5ff8db9c6,50.0,Male,Travel,Azerbaijan,Rollinsfurt,Mobile
e27946a1-dde9-4623-b8f6-ab6f90b29720,55.0,Other,Sports,Tokelau,Elizabethview,Mobile
ed27eb8e-f398-4c5b-bac8-72e26a35fd11,21.0,Other,Finance,Mauritius,Hernandezport,Desktop
25706c9e-2e7b-41cc-8084-e4ae5c08a072,56.0,Female,Health,Russian Federation,Lake Brian,Mobile
de4e0c85-de24-4ac0-8b68-94cb98df603e,64.0,Male,Finance,Saint Pierre and Miquelon,Powellton,Mobile
95ef8bba-0312-4da3-bbf2-9d65dfc14f27,35.0,Female,Health,Gambia,North Chris,Mobile
f66143c3-7266-45c6-aebe-e33ed2a401b9,35.0,Male,Tech,Singapore,Port Tabithashire,Tablet
0d8019df-8178-4324-81f0-17ed8c4e2c38,20.0,Female,Food,Saint Barthelemy,Mooreville,Mobile
d781beeb-6f9b-4b28-8ff8-5ab3cee6ebbf,28.0,Male,Travel,Saint Kitts and Nevis,Bradleyhaven,Mobile
6d9f4766-98c9-49b6-a78d-33eb6254a6b6,57.0,Female,Travel,Mayotte,Philipshire,Tablet
601bf89b-4d72-469a-b9ae-8f848d2785ac,22.0,Female,Finance,Cuba,Brianberg,Desktop
269968f3-a257-465e-af67-465c8c7694c1,61.0,Female,Food,Malta,Port Michael,Tablet
8133b9a3-bd96-44d7-a856-7df153818412,61.0,Female,Travel,Bermuda,New Kendra,Tablet
75b977cb-1467-4e75-8dec-b4313244b8d6,44.0,Female,Finance,Romania,Christopherport,Tablet
42d88c22-2166-4ae9-8f96-89462999fcc3,53.0,Female,Health,Aruba,Melindaview,Mobile
009567d5-d61f-474e-81cc-772a93db14bf,64.0,Male,Travel,Italy,Lake Christopher,Desktop
0f9d9244-b4a9-4acd-88ab-72143b86e9c7,35.0,Other,Finance,South Africa,Charlesport,Tablet
84801a8d-9b4e-4c0b-9090-9602402b271a,58.0,Female,Finance,Faroe Islands,Manuelfurt,Mobile
85282852-7e47-48f2-b465-a497af77162b,37.0,Female,Sports,Korea,Port Randalltown,Tablet
7f4c8e31-a5f8-4339-bf74-a4294d9d30f8,40.0,Male,Health,Martinique,Zimmermanmouth,Desktop
37d84b9d-7396-4206-83a1-427845daa8da,48.0,Male,Tech,Heard Island and McDonald Islands,North Dennismouth,Tablet
f2106e00-d806-41ef-91a7-ddf71efa54e5,60.0,Other,Finance,Comoros,New Jason,Desktop
c01d05d2-8b1b-4805-9bbd-6ccbbcf6e185,57.0,Male,Finance,Liberia,Port Francis,Mobile
cf262c8f-14e3-4ad6-b99f-fe0339c7cb3d,33.0,Other,Sports,Tajikistan,West Ana,Tablet
0ea3b73f-7727-4ec8-bfaf-e073e11574d9,53.0,Other,Travel,Peru,East Colleen,9o2FfH6P
9da020e8-ebd9-436e-ae86-623b37043b71,56.0,Other,Finance,Spain,East Candice,Tablet
59d59fa7-87de-4265-8114-3b00431ca7b6,r51nLkGs,Female,Travel,Cocos (Keeling) Islands,North Timothyport,Tablet
f33437c0-7faa-4331-8371-e88be81372f4,42.0,Male,Tech,India,Underwoodberg,Mobile
5b62951f-f2ee-42b7-ae6b-cebf2c0ee284,48.0,Other,Food,Guam,Lake Donaldshire,Tablet
e3f1db0c-35b9-4e8b-bf3f-cfefa9ec528a,61.0,Other,Food,Saudi Arabia,North Markhaven,Tablet
ada9e765-5d92-4c90-a9bc-5eed5128c185,33.0,Male,Food,Liechtenstein,South Robertoberg,Desktop
7065739d-2f4f-4680-98e6-2cf71f5d0849,59.0,Other,Health,Bosnia and Herzegovina,Stacyview,Tablet
ea4e072d-14e4-44d3-a31c-6e95d78cd35f,48.0,Female,Tech,El Salvador,Port Eileenmouth,Desktop
0d46d489-24be-4751-bd5c-45061258955c,22.0,Other,Travel,Djibouti,New Peterchester,Mobile
94da9d4b-8f22-403d-8104-c77fe0b6b073,57.0,Other,Tech,Guyana,Reedchester,Tablet
4c47a49a-599b-40f7-b946-bf88b65bda13,46.0,Male,Sports,Tunisia,New Megan,Desktop
4366cb14-039b-470d-afad-33fec95a6814,36.0,Other,Travel,Philippines,North Jasonport,Desktop
c1d69617-5893-4f58-b098-8c1f1f7a7eec,19.0,Other,Tech,Ethiopia,Wrighttown,Tablet
b5cad251-21f0-4829-b154-1c1e19428a4e,26.0,Female,Sports,Wallis and Futuna,East Tinaton,Mobile
92f09f4f-fac1-4807-93b8-a39524a977b0,30.0,Other,Finance,Andorra,New Richardmouth,Tablet
64976fb7-8720-4504-af4e-ea9d69d7f3d9,25.0,Male,Finance,Slovenia,Johnport,Desktop
29986ce3-1472-437c-8fee-2aa8f00cb7e5,26.0,Other,Travel,Senegal,North Amy,Tablet
eec1c6db-d94c-436c-9cab-d29633a7013b,20.0,Other,Sports,Saint Martin,Ryanmouth,Tablet
3a73a67d-3fba-441f-961b-336caded34dd,63.0,Female,Tech,Micronesia,North Sarahtown,Desktop
5386f706-a350-4fb2-a96b-d27341319158,56.0,Male,Finance,Kuwait,North Kenneth,Tablet
0d2cf385-2b1d-4182-a3bc-8cb9f5b67cf9,31.0,Male,Food,Eritrea,Amandaport,Tablet
60c43afe-39a7-4095-ab35-ce68671dc9d8,33.0,Male,Travel,Iraq,Jennyfurt,Tablet
4582793f-7e6c-456b-940b-2c3a7ee50109,31.0,Male,Food,Cape Verde,West Nicole,Mobile
8a280a76-fbc6-46ff-a3a1-9d1054f0522f,55.0,Male,Tech,Guadeloupe,North Jeff,Desktop
64565326-7481-4cfe-810d-5f0d0f8e8f3d,65.0,Other,Finance,Bahrain,Brownfort,Desktop
32f97d97-2095-4f7c-be2b-e7195cba27f8,36.0,Female,Food,Montenegro,Bruceshire,Mobile
2a7e869c-8d10-4a5a-9d44-34e5b5daaebb,35.0,Male,Finance,Tunisia,South Michaelville,Mobile
00a521c2-d9f9-4e94-aeac-47e79826b642,50.0,Other,Health,Russian Federation,Williamston,Mobile
6feec29f-dad7-4d0e-804f-78dec90c1770,57.0,Female,Sports,Afghanistan,East Jason,Mobile
20a40e97-7494-4d77-b617-38d55d3cf54a,42.0,Other,Sports,Germany,Gracechester,Desktop
d3607415-94ac-409b-bff5-3165a99780f2,40.0,Male,Tech,Tajikistan,Nicoleside,Desktop
49436a3c-e25b-4f8a-a1a0-69ec8f7790c5,32.0,Other,Travel,Guinea,Carrollton,Desktop
43f0fb7b-24cf-4c8d-8171-68711cd52ea3,64.0,Other,Tech,Mauritius,Riddleside,
6e30d088-aa29-4716-90c1-1798c56d14bc,25.0,Other,Food,Argentina,Deanstad,Desktop
c2514518-d525-49ce-bf93-9f33b2741ae7,34.0,Male,Food,Belgium,Gravesstad,Tablet
7b7c292c-3c41-4915-afdd-0fd2b0bf9d8a,43.0,Female,Tech,Seychelles,Lake John,Mobile
159884f9-3f29-4e18-b82b-887ff0953b80,37.0,Male,Finance,French Polynesia,Annaview,Desktop
a7332fa2-15bd-4bb0-ae24-70ed94b82002,38.0,Male,Finance,Chile,South Tylerborough,Desktop
a879123f-2e09-41c4-aeb8-a7bcb052f97a,20.0,Female,Sports,Sri Lanka,New Amandatown,Mobile
3967fa05-1bba-4809-baad-1e28c0f11881,45.0,Male,Food,Bahamas,Snydertown,Desktop
ce05fd04-a0cf-41fd-9e3e-4898665fa374,33.0,Other,Food,Cook Islands,Josephport,Desktop
b4852799-4be0-4911-b72d-521f427bb8f2,60.0,Female,Food,Cook Islands,West Dillon,Mobile
f63382be-213f-4188-8020-f33214ade666,20.0,Male,Travel,Thailand,North Heather,Mobile
eb56c1c0-44bb-4817-aa85-f8f508cbb63a,33.0,Male,Food,Serbia,Lake Karenchester,Tablet
70fd9779-2912-4d19-a829-c49a319dcf8a,65.0,Female,Tech,Slovenia,Audreyberg,Mobile
b45028a2-8fca-4666-9ccc-f27e1df78a1f,29.0,Other,Food,tOGGHKdI,Lake Christopherborough,Desktop
c1590bb4-08b2-47dd-9a3b-444a6ae90b5e,58.0,Female,Finance,North Macedonia,East Daniel,Tablet
980efeb5-74dc-4669-962b-52d419380b74,34.0,Female,Food,Guatemala,North Gina,Tablet
cec742ae-c5dd-46d3-b197-ef8da653d68b,44.0,Female,Tech,Heard Island and McDonald Islands,Cooperburgh,Tablet
2e41d688-381f-48c0-ae1a-8b13c7f75089,53.0,222VK1m1,Sports,Paraguay,Nicholasburgh,Desktop
10cfef18-7734-4355-b3c3-be6c0bd7a607,44.0,Other,Sports,Poland,West Christinaburgh,Mobile
aaa6e4e8-1c87-4b50-b476-2068d34eb660,24.0,Male,Tech,Fiji,Port Curtis,Mobile
d68f3c97-2989-4362-b7fa-5285cea43635,25.0,Male,Finance,Thailand,Lake Michelle,Mobile
02286496-21a2-40aa-bdb1-9a274627fdbc,62.0,Other,Food,Greenland,North Samantha,Tablet
d4df89a0-ecbc-41ee-af32-12c8fe11f224,50.0,Male,Tech,Bahamas,Crystalville,Desktop
221386b8-a02b-4a61-8e70-b9bc4afba702,,Female,Sports,Hungary,Port Nicholas,Tablet
9af231c1-3328-447a-b80a-a45e183ddfb6,46.0,Male,Sports,Turkmenistan,Kirbyland,Desktop
24f0b439-1408-419d-aed3-5cb2e5c63725,27.0,Female,Finance,Christmas Island,New Katelyn,Mobile
23329744-7386-499f-ab92-1395c1903156,24.0,Male,Food,Cote d'Ivoire,North Carolburgh,Tablet
795e87e4-029a-4e5e-9aa6-4780ca225ea1,48.0,Other,Tech,Marshall Islands,New Cynthia,Desktop
fe63838a-c8ed-4cfc-8e19-f4f7be180baf,47.0,Male,Food,Iraq,South Michaelfurt,Mobile
e4cee0e6-3267-40ce-97a4-9f9423f95ced,31.0,Other,Finance,Tajikistan,North Deborah,Tablet
fd73e457-1983-45e5-8f3b-319d32d9ee9a,33.0,,Tech,Mauritania,3FXdWW4d,Desktop
6c51e229-6f01-4772-9568-dd30f789ded9,49.0,Female,Food,Timor-Leste,Edwardsport,Desktop
b3aca47c-fec3-4ae2-8f08-c17ca9edb116,59.0,Female,Sports,Qatar,Brendaton,Desktop
0424033c-0ca1-459d-989f-2ce888be0b15,48.0,Female,Sports,Papua New Guinea,Lake Amanda,Desktop
215d7950-7fe9-47bb-855c-891f6a17ac02,24.0,Male,Tech,Vietnam,Mariaberg,Mobile
4e1a008c-b893-48b2-815f-46764cacf35f,28.0,Other,Tech,Seychelles,East Kyle,Mobile
5c0d7fe7-3b11-43f8-9c19-a5bc5de1d0ae,54.0,Other,Sports,Gabon,Ritterside,Desktop
b7eec203-d951-4877-afd6-fcb4b7ad8275,35.0,Male,Sports,Switzerland,Jerryton,Tablet
755537af-6389-4d90-a141-ba0e681da2d4,43.0,Male,Travel,Seychelles,Amandashire,Mobile
d4b69beb-7d92-444c-9e9e-bdabca0c5a28,39.0,Female,Finance,Madagascar,Kristinahaven,Desktop
c2083ea6-8add-4cb5-b7a2-3a4f66258694,22.0,Female,Finance,French Guiana,Smithport,Tablet
d06d8992-68e7-4dc3-af52-8b25839ee9d5,30.0,Female,Health,Somalia,East Lauren,Desktop
f8afdea6-2f6a-4a72-a2ef-93761714bc7e,22.0,Other,Sports,Pitcairn Islands,Vazquezside,Desktop
46f4e03d-6f8d-459d-8c87-28c2ea057934,18.0,Other,Tech,Pitcairn Islands,South Amber,Desktop
4062b922-3ecf-4004-8b73-611d8cd05218,43.0,Male,Finance,Singapore,Bauermouth,Mobile
14e83a74-7a4e-4959-ba8a-bde3de886b91,42.0,Other,Food,Uzbekistan,Zoeview,Tablet
57b5ad59-169b-4e0e-8c43-e1a653c51965,45.0,Other,Food,Fiji,West Jenniferberg,Desktop
454356fb-77cb-4017-80e5-0671cb04e61d,20.0,Other,Travel,France,North Scott,Mobile
6b54451d-ec9b-40f1-9112-bc12aaa85a6c,40.0,Female,Food,Jersey,South Patrickshire,Tablet
20515aa7-d291-4b64-9e25-5884ad33261b,53.0,Other,Sports,Swaziland,New Henry,Desktop
40bea36c-7ae6-47c8-a033-42f603c9b696,19.0,Male,Health,Martinique,South Tanya,Desktop
35c674b8-5be4-4af2-b8d5-eda88b6b2d8d,32.0,Female,Finance,Bolivia,Feliciamouth,Desktop
d6de3a5f-8b2d-4420-82d2-d8d99b3bacaf,29.0,Female,Food,Palestinian Territory,Port Deanna,Mobile
d6218a4e-a4f9-4c32-a3f8-d51f517a377f,24.0,Female,Finance,Dominican Republic,Wigginsshire,Desktop
d7dc5592-765a-4c09-b849-1197d9755863,51.0,Other,Tech,Saint Kitts and Nevis,Evansfurt,Desktop
98ffe373-7754-4262-af45-e14aa25a7cc5,57.0,Female,Finance,Cook Islands,Lake Thomasview,Desktop
9991cc1b-6b8e-459f-86f4-2a4002bf26e0,37.0,Other,Sports,British Virgin Islands,Hallmouth,Desktop
2c9e4bab-adc2-4497-83d3-6ad57a45a78e,27.0,Other,Tech,Czech Republic,East Johnathanchester,Desktop
585c2143-41bd-45f4-a52b-d3120e470404,33.0,Male,Finance,Barbados,Lake Lancebury,Desktop
8b9bf744-75f7-443e-932e-7083d4bfc150,34.0,Female,Sports,Guatemala,Martinezland,Tablet
b03a0bbc-6575-482d-b1d6-6b70d26af37f,45.0,Male,Health,Equatorial Guinea,Port Kimberly,Tablet
84ea7c0b-7cc1-4205-9362-a648ce4fef7c,42.0,Other,Food,Romania,Kevinborough,Desktop
7ecc1eb9-acc3-4994-bce8-bf58af698703,64.0,Other,Finance,Togo,Johnsonland,Tablet
602d7fdd-b79c-4e36-a6c7-bb907ac58c33,,Other,Tech,J3QqKho7,Gillmouth,Mobile
2ef8d898-ba94-4376-b785-a29ff6bab9b7,62.0,Other,Travel,Kiribati,Marymouth,Desktop
318f60e8-84d0-4216-a4fd-382b614e3bac,56.0,Other,Finance,Sweden,New Shannon,Desktop
353503d4-8d8d-47df-9ab5-83466011338d,34.0,Male,Health,Saint Vincent and the Grenadines,Valenzuelaborough,Mobile
4b353a09-b24e-4bbd-b46e-157bc27705ce,19.0,Other,Food,Palestinian Territory,Jonathanmouth,Tablet
2278b171-e619-4160-9f6f-bdc977ead5d3,41.0,Female,Food,Congo,East Michael,Desktop
e2039212-943c-427f-9c3a-1a4af510d41b,32.0,Male,Health,Costa Rica,Steelestad,Tablet
e67a06ab-5fc8-4415-b5e0-be0014845ec2,35.0,Female,Food,Saint Kitts and Nevis,Wallaceland,Mobile
90f04e2e-e59c-4218-99cd-390a70a7315b,62.0,Female,Food,Palau,Danielside,Tablet
459ce2c2-fb9e-4f08-80a7-91d4c396fe52,60.0,Other,Travel,Niger,Phillipborough,Desktop
864dc754-679d-4178-8ec5-35545c92f8af,48.0,Female,Food,Zambia,New Michael,Desktop
37a67a75-17ce-412c-8482-af555900fa5c,30.0,Male,Food,Micronesia,Leetown,Tablet
22d931b6-42cc-4adc-834e-8d7b88155128,64.0,Other,Tech,Palestinian Territory,North Mark,Desktop
e20684c8-6dc0-4c5a-8cf2-fa6ec2c7783c,54.0,Other,Food,Nepal,Nelsonmouth,Mobile
9613f2ef-625d-4e81-a5da-91f947706973,29.0,Male,Travel,Equatorial Guinea,East Michael,Mobile
a337a726-8332-46a1-ac02-c2027fd313b7,61.0,Male,Tech,Chad,Bautistachester,Tablet
f7f038ba-0a4a-435f-9fc9-5bad3c8b910c,26.0,Female,Travel,Cote d'Ivoire,Lake Matthew,Mobile
4df0bc79-bfa3-4c5a-be52-75317bb220ee,52.0,Male,Finance,Togo,East Heidishire,Desktop
f425c5ee-ef50-4a13-8923-063f1a1938a7,28.0,Male,Travel,South Africa,Floresview,Tablet
431f9695-e23e-4338-a06b-81728b97da34,47.0,Male,Food,Japan,Tracyburgh,Mobile
4b71788c-c376-4221-9bbd-1f12b7cea652,46.0,Male,Travel,Honduras,New Franciscobury,Tablet
c66a70c7-7197-4b3a-99ce-9b354e00e54c,52.0,Female,Sports,Libyan Arab Jamahiriya,North Willie,Tablet
587e6a03-2688-47be-baf1-ed6833cdf061,32.0,Female,Food,Vietnam,Seantown,Tablet
566aed37-2c3e-4d06-8d27-688477989c5a,,Female,Travel,Cambodia,East Eric,Tablet
3f779abb-0389-4722-a3d7-582528e1181b,41.0,Female,Sports,Greece,Mejiaside,Desktop
894dbb7c-e145-4d03-b72f-ecaa20def94d,63.0,Male,Finance,Belarus,,Tablet
7e935cc4-ffb7-410b-ab40-abdb12d686ca,62.0,Male,Tech,Gibraltar,Lorimouth,Desktop
4a6b16af-3e14-4bfd-a25f-32244793f440,39.0,Other,Tech,Montserrat,South Andrewburgh,Desktop
19a904a4-8a64-4dc5-ba46-9ff194aa071b,35.0,Female,Finance,Greenland,TryObmsk,Desktop
9c605043-a759-4bac-a1ce-04887d80a942,39.0,Female,Food,Botswana,Lake Chloefort,Mobile
bc6a5eaa-7552-4cd4-9c04-8e92b5ffaa98,,Female,Food,Montserrat,Elliottfort,Desktop
ada712e0-671e-452a-8ecf-facbea28e2d9,27.0,Other,Travel,Saint Lucia,Rivasberg,Mobile
1bb20549-2abe-4cf9-a476-5946a579ce4c,34.0,Female,Travel,Georgia,Port Victoriaport,Mobile
edc5141f-6cc6-4d9f-8b69-70b65b1ec0ec,53.0,Male,Health,Montserrat,Mossberg,Tablet
a4e4004b-c7a4-4b52-a2ec-c55c008c5942,51.0,Female,Health,Grenada,Staceyberg,Mobile
e8b6d58d-22e8-46b2-8ed5-f7dbb802224c,27.0,Female,Health,Saint Barthelemy,Lake David,Tablet
982bfc6f-6e91-491f-a814-07dbda096e4f,41.0,Female,Sports,Uganda,Brownhaven,Tablet
95782b7d-df6f-4286-936b-04b49947a6d3,58.0,Female,Food,Chile,South Courtney,Tablet
530e1447-07e6-410a-b595-86afaa6d9ca4,41.0,Female,Finance,San Marino,Kaylashire,Desktop
0f834c1d-3c67-4b34-8d86-5fbed9563519,26.0,Other,Travel,Peru,North Kaitlinmouth,Tablet
e14bb304-867b-4710-b920-d63d33e14c2a,38.0,Female,Sports,Marshall Islands,Matthewport,Mobile
02a6ae47-aca0-45ad-8382-458e3ab7daaf,50.0,Female,Health,Denmark,East Heather,Mobile
29299eb7-3208-4f98-8676-40e38f2c14a1,47.0,Female,Finance,Liberia,Dakotashire,Desktop
da3bf9d9-ec69-4dab-9d9d-a419ab084df4,46.0,Male,Sports,Guernsey,Lake Matthew,Mobile
ca7ccb6a-caa9-41bf-897a-441916a05853,39.0,Other,Tech,Cuba,Port Brian,Mobile
c8c7ad78-c223-4cf1-8058-407bc6aa2a60,27.0,Other,Travel,Congo,East Heidi,Desktop
b309c44f-5247-461c-a2c0-439dbf0a52e3,23.0,Other,Travel,Panama,South Kelliport,Desktop
c533352d-02d1-4969-a641-7cc33e1526b1,47.0,Male,Travel,Samoa,Williamsland,Desktop
4d5fa7dd-21bb-4222-b9e9-0693a257328e,63.0,Female,Health,Timor-Leste,Lake Anthony,Desktop
a5ffa24c-5432-4db2-a7d6-8342aa5e0384,39.0,Male,Finance,Cuba,New Stephenfort,Desktop
8e8d29f9-0399-461a-8322-b6a64b2ce9ad,23.0,Male,Health,Montenegro,Wallacechester,Mobile
2fc4acda-388b-44fd-a92e-25476ff7e88a,32.0,Other,Tech,Germany,Wrightville,Tablet
5be5e933-555d-4376-a789-37a3e61cd399,60.0,Female,Food,Cook Islands,New Matthewport,Mobile
44cd6dc2-900d-4b15-80f8-cbc5bdf63701,37.0,Male,Finance,Niger,Brittanyhaven,Desktop
6b80bde3-9a51-48dc-8493-d888fc870612,47.0,Other,Travel,Guyana,Lindahaven,Tablet
0bddd6e1-93ee-4758-88c9-020cb7931884,46.0,Male,Finance,Montserrat,Sheenastad,Desktop
bf8216c2-fb8c-477a-a705-833c9d27564d,38.0,Other,Travel,Botswana,Lake Glennborough,Bgq7EMs6
7482dc85-af92-44cd-ba69-9473f897be03,52.0,Male,Tech,Falkland Islands (Malvinas),Welchside,Desktop
1594505d-3e7e-47c0-8f3c-1034aa8d0b99,21.0,Other,Food,Guernsey,Michaelland,Tablet
52437cf2-63ff-4197-b134-4bbf43985310,18.0,Male,Health,Antigua and Barbuda,Johnsonburgh,Mobile
2a1c3acc-de25-4d9f-b41c-7733a86b3011,58.0,Male,Food,Gambia,West Linda,Tablet
7d1495ab-b295-4940-867b-b1d6c2b69ce0,24.0,XJ211Yyt,Sports,French Guiana,Lake David,Tablet
766de9f4-322b-4c86-a9e6-3125eedf180a,29.0,Female,Health,New Zealand,Port Kariberg,Desktop
312f8cbc-0ae4-4cce-a148-5476eabeb391,45.0,Female,Sports,Libyan Arab Jamahiriya,Fraziermouth,Mobile
ef75e311-b0e4-42a7-9743-d4d9cc9c3ab2,36.0,Other,Sports,Finland,Jakeberg,Desktop
b457cff0-f6b5-49ab-bd47-ce85b9a2d6e9,63.0,Male,Travel,Northern Mariana Islands,Danielport,Mobile
773b1f3a-8011-4fbc-837e-713b15133ef1,39.0,Female,Finance,,Lucerofurt,Desktop
0f04efb8-3249-49a5-a5e6-16fb1434298d,35.0,Female,Health,Saint Pierre and Miquelon,ShZxPk2S,Desktop
bd57a47d-3e30-400e-bd97-1bb9d2d3e41c,19.0,Male,Tech,Turkmenistan,Justinview,Tablet
5c6f22cf-9a2d-4f8f-b2fe-924a846060ed,36.0,Female,Finance,Luxembourg,Port Nancybury,Mobile
b14f643d-5b17-46a9-b1ff-c011dba68063,20.0,Male,Health,France,New Bryan,Mobile
2f9568fb-37a6-4156-8e13-20b5e46e9c9e,62.0,Female,Finance,Svalbard & Jan Mayen Islands,Faithburgh,Mobile
c0e94a69-73f3-4e6c-b2a0-2d9d464fe92f,48.0,Other,Sports,Vanuatu,North David,Tablet
3265361e-ffc2-47de-a647-7edc48b56cdd,40.0,Female,Travel,Heard Island and McDonald Islands,Williamchester,Desktop
4dde2052-6a61-421f-81b8-2df11f1ffbda,44.0,Female,Sports,Egypt,Lake Michellemouth,Tablet
42aec113-8369-402a-bed4-a4c2012a3093,64.0,Female,Sports,United Kingdom,Jamestown,Tablet
14d951f6-1df6-4335-94f9-deb04a2d6246,47.0,Other,Finance,Mexico,Moniqueberg,Desktop
09b80d51-c62f-4727-9288-583082710153,23.0,Other,Travel,Uruguay,North Kurtport,Tablet
b5c93423-a150-4a97-933c-d7084fb0e57b,41.0,Female,Health,Panama,South Danielstad,Mobile
acad09e4-5e9b-4bcc-867c-503ed2245404,28.0,Female,Travel,Ireland,Kimberlyview,Mobile
3e9fa706-3f09-4707-a9d7-a8c80c6816ec,19.0,Other,Travel,Afghanistan,New Karenhaven,Desktop
8d8baf8b-1f37-4566-bad5-709b06b90219,60.0,,Tech,Madagascar,Tammymouth,Desktop
d12aa20a-0453-4576-9e21-439f858c28e9,,Male,Sports,Ecuador,Port Robertburgh,Mobile
ab33e15b-1da9-48fd-8009-4e5118215a40,,Other,Finance,Congo,Rivasbury,Desktop
ba55993c-64c7-4e0c-89a8-b22b70a46433,58.0,Other,Sports,Azerbaijan,New Kimberly,Mobile
4e30e6c1-59f6-402c-afb5-c2c5bcaac8bb,18.0,Male,Travel,Nauru,South Lisabury,Mobile
7dea7387-8636-4d3c-8dc3-dd888d5882ec,25.0,Female,Health,Iraq,,Desktop
c9eedc55-25f0-4613-9498-a809a5bb1dec,28.0,Other,Tech,Bahamas,East Johnchester,Mobile
63fe3406-2c02-4589-bd54-04147836e6e0,29.0,Male,Tech,Cambodia,New Thomas,Mobile
f09a6c51-ac4f-4beb-989e-3fbc3046d7f4,40.0,Male,Travel,Holy See (Vatican City State),North Kevinchester,Mobile
97861e75-d042-437b-b486-b96cad2cbb74,48.0,Male,Travel,Nicaragua,Jamesmouth,Tablet
64d6b7de-3983-4c61-9bdf-62445838419a,33.0,Male,Health,El Salvador,South Brandi,Mobile
bb10f991-e2dc-4d28-af0e-7489b5f69fda,44.0,Female,Sports,Albania,Jonestown,Desktop
735c53d9-fc84-4a1f-801e-ca6e62598e5b,43.0,Other,Food,Afghanistan,Chadfurt,Mobile
970a5f0e-e453-4a47-84fe-1e0bd8081063,63.0,Male,Tech,Northern Mariana Islands,Lake Gary,Desktop
f3796377-5ebe-490b-b896-85eae2f3dbba,63.0,Female,Travel,Saint Pierre and Miquelon,Chandlerstad,Desktop
371256aa-97ee-4bbf-8d8e-80f2397e7ac4,45.0,Other,Sports,Palau,Nicoleland,Mobile
f3758b5e-8452-4686-8302-a50c39a21f4b,50.0,Male,Sports,Nauru,South Rogerstad,Desktop
08f64b8a-bc95-4a31-a67a-31b9ae95064c,19.0,Female,Travel,Suriname,Murphyview,Mobile
c7bba607-3994-4a46-8ffe-074e42fa7602,24.0,Other,Health,Burkina Faso,Meghanton,Mobile
22df1e85-f390-455d-8324-4497e687c948,33.0,Male,Finance,Montserrat,Taylorfurt,Mobile
4a320e34-4944-4f1b-83b2-f7f3cce952c6,27.0,Female,Health,Nicaragua,East Kristen,Desktop
a64b397c-1226-4587-ba2e-71b7b017675d,23.0,Other,Finance,Belarus,Port Joshua,Desktop
67fed6a5-a2e9-4f47-94ad-0d1b9c1d3b16,39.0,Other,Sports,Norway,Hernandezton,Desktop
ec01c103-dda5-4268-abe4-5ab21586ebc9,34.0,Female,Tech,South Africa,Shawborough,Desktop
ddcfc8ce-e4a0-4926-af99-66b302b16ec5,18.0,Female,Sports,Grenada,Sweeneyberg,Mobile
1146c002-9af1-4df6-ae22-91d7dc18e626,59.0,Other,Tech,Turks and Caicos Islands,East Nicholasville,Mobile
b4065fee-41e1-42d3-bec9-247630935038,58.0,,Health,Saint Barthelemy,Paulahaven,Desktop
,22.0,Female,Tech,Swaziland,Christopherport,Mobile
96516a0c-175a-4ef7-bd7b-adf691469d85,50.0,Male,Food,Saint Martin,Lake Anthonyfort,Tablet
64c3084e-b422-4cf7-ae49-cd502ca1fea7,39.0,Female,Travel,Vanuatu,North Donna,Desktop
36383682-f265-49dd-8257-e8386072b418,53.0,Male,Travel,Algeria,Christophershire,Tablet
0c6f7886-88c1-4fdb-a900-180cc7c5539d,40.0,Male,Sports,British Indian Ocean Territory (Chagos Archipelago),West Alechaven,Mobile
60aab051-adfe-4429-9fa0-6785aa68df36,54.0,Male,Food,Belgium,East William,Mobile
ae1ab745-e12a-4982-ba4f-f2da3ee5a5ea,46.0,Female,Tech,Belgium,Port Charlesmouth,Tablet
47f8d8a9-509f-4d40-9725-0b8a891e128b,42.0,Male,Travel,Cote d'Ivoire,Allisonland,Tablet
69445871-4d3a-4f9e-8805-60909590af3b,28.0,Male,Food,Moldova,Brownview,Tablet
077a6f80-15e5-4800-89a2-98f9a55c3be9,22.0,Other,Sports,Ethiopia,Christinabury,Tablet
a5d77e6a-1ca9-456b-901d-efb3f540738b,35.0,Female,Sports,Mongolia,South Ericburgh,Desktop
91339abb-8b74-45f7-bbcf-e754a818e1fa,29.0,Female,Travel,Pakistan,Douglasberg,Mobile
ae776f51-51c0-4de0-aecf-85aad1b2d2ec,31.0,,Travel,Micronesia,,Tablet
04321181-42a5-4cdc-86a0-8c914989cc29,57.0,Other,Travel,Anguilla,East Megan,Desktop
21506038-0bf4-41be-92ed-4f69d0c45828,47.0,Female,Tech,Djibouti,South Mariatown,Mobile
d0c2f1df-e5e1-4355-a513-0c485c319790,23.0,Other,Sports,United Arab Emirates,Parkerview,Desktop
965f0ef0-01c0-47a2-bbc3-d179c8a6adab,59.0,Female,Finance,Seychelles,Baileyberg,Tablet
38efb280-aaaf-4638-a788-0ca93c3ee89d,56.0,Other,Tech,Nauru,North Jennifer,Mobile
91eac637-0316-4c7a-aa9b-362a861a4db4,55.0,Other,Sports,Saint Pierre and Miquelon,,Mobile
e46b979c-487b-42ca-88fc-f524f64b135a,33.0,Male,Sports,Kenya,East Jeffreyfort,Tablet
fcb58e94-a684-442d-a4e8-13d88e644ac0,38.0,HLvVBFOE,Finance,Holy See (Vatican City State),Markmouth,Tablet
b5f6ed2f-e5d8-454c-85bd-0f22b343e8fe,65.0,Other,Health,Qatar,East Ashley,Mobile
d7486234-db97-4f77-9108-d0de0afd20c3,40.0,Other,Health,Guyana,Nicoleville,Mobile
611fef92-1fd9-426d-986c-b22ccd444ef0,45.0,Male,Food,Morocco,West Shelly,Mobile
e0eaa09b-deab-4423-9ff5-5b41c20b26d8,41.0,Other,Tech,Chile,East Troy,Tablet
51731001-25a9-4759-8019-4ff624743c74,54.0,Other,Tech,Dominica,North Brittany,Tablet
e3b302a1-9f56-4064-9744-3485cdf82f26,55.0,Male,Tech,Malta,Torresmouth,Desktop
273d5ffc-74d1-4388-95d3-033e1893a056,25.0,Other,Finance,Uruguay,Kevintown,Tablet
1a5cfe95-eba9-4bc7-adee-ee7a5f83e448,43.0,Male,Travel,French Guiana,Millerview,Desktop
747b222b-cdfb-48e3-9a3a-9d896b90168a,34.0,Male,Health,French Southern Territories,Port Jamesborough,Tablet
b5946719-f5a8-4e4c-a574-4715925ae8ea,53.0,Other,Health,San Marino,Smithport,Desktop
d0b21310-7390-4e88-8ea0-138603ce2b05,36.0,Other,Finance,South Georgia and the South Sandwich Islands,North Danielland,Desktop
d115546f-56fa-4dbc-ad8f-275596f0911f,51.0,Male,Sports,Tunisia,Paulbury,Tablet
a5678f9b-e0f6-4774-9034-72d6127b710d,60.0,Male,Travel,Saint Lucia,West Omarborough,Mobile
0f61382e-39c9-4f79-9f12-9fb7ec4031a8,62.0,Male,Finance,Russian Federation,Silvaview,Desktop
a237e7c2-6644-45bd-a6c9-b74456c4b666,62.0,Male,Tech,Argentina,Lake Amandastad,Desktop
e56e7cf7-4d3d-4c0d-a5fa-ecdf31e34a96,56.0,Other,Health,Maldives,Lake Kimberly,Jc8posMZ
2f934151-1c1b-4e43-a4b4-a7bc47861a25,38.0,Female,Travel,Malaysia,West Jamieside,Tablet
ddf75b3b-2509-4ab1-a79a-988a888be2ea,33.0,Female,Finance,French Polynesia,Hannaland,Tablet
f14d3431-8867-4218-9fef-c9cba9f21643,18.0,Female,Health,Botswana,Millermouth,Tablet
dbeaa484-4958-4a9a-805f-db3c1e2627f5,48.0,Female,Travel,Israel,Samuelmouth,Desktop
d419ad20-e58a-4ca5-98a1-98c4ec906984,26.0,Female,Food,Qatar,South Jacob,Tablet
8057aff2-c73e-49fc-8331-7d5143ed4f56,53.0,Other,Finance,Timor-Leste,North Jennifer,Tablet
bad4e315-cf5d-4029-b8ad-7f6dbbab6814,34.0,Male,Tech,Netherlands,Lake Bradyport,Tablet
7cb1518f-d33d-4a66-8a84-5aec33b4204d,29.0,Male,Tech,Slovenia,Wilsonberg,Desktop
747cb30b-4461-4292-a868-77950adcb6fc,47.0,Male,Travel,Denmark,Samuelburgh,Tablet
3096013c-5b1b-4e74-8d35-7ad30a342c8b,33.0,Male,Sports,Lesotho,Lake Stephen,Tablet
ac3887aa-e589-4c8b-9310-33a758e36534,48.0,Other,Travel,Albania,Thomasville,Mobile
6f4b5239-0c4c-4a1d-903b-c7c621cf7eec,41.0,Other,Health,Slovakia (Slovak Republic),Sextonland,Mobile
47c785f4-efea-4c92-a82f-a9fcd29ff3f3,32.0,Female,Travel,Benin,,Mobile
6696e6d0-53a4-4dc5-b2f1-e3b785047fa3,56.0,Female,Sports,Australia,West Maria,Tablet
a5219097-cb9c-4311-9c05-dc9c4d95e8b6,50.0,Male,Sports,Qatar,East Alishafort,Mobile
8165c0a9-c50f-4d57-9465-d4ebe3e538b7,20.0,,Finance,Benin,East Courtney,Tablet
cff2a3ba-8387-40f5-b783-04e0b48b0a1c,20.0,Other,,Fiji,Jessicahaven,Tablet
109d3243-88af-4b56-b01a-872ad159eee8,24.0,Male,Travel,Myanmar,West Davidbury,Mobile
4358892c-3be0-42cc-a0f8-033711104a57,48.0,Female,Tech,Sri Lanka,New Andreaburgh,Desktop
5314bbfe-731d-4ca8-bf89-70338fab80d3,56.0,Female,Tech,Armenia,Port Stephanieview,Mobile
0b201894-471b-4672-9517-daa210661235,41.0,Male,Food,Marshall Islands,South Dylan,Desktop
31eb2c4f-a165-4c03-9d57-57e2fd47366f,43.0,Other,Sports,Albania,South Lawrencebury,Desktop
d82c24ac-7131-4183-a5e4-45787c32adfa,39.0,Female,Sports,South Georgia and the South Sandwich Islands,Petersfurt,Tablet
a39315da-128b-4973-90f3-a30426b39f9c,35.0,Male,Travel,Grenada,New Dorothy,Tablet
c0d05137-72fb-417e-aa9e-ffcd9a65701b,wVzmlyKr,Other,Food,Algeria,Mariamouth,Mobile
49a0119a-a520-4782-b3f4-3322a3bdc91f,35.0,Male,Tech,Tuvalu,Banksfort,Mobile
df59cb1d-e9aa-4d21-9e28-757e76fcfaa5,55.0,Other,Health,Panama,West Kathrynchester,Mobile
05e70fc2-81b4-4630-bc84-966dfafa69a3,60.0,Other,Sports,Portugal,Lake Candice,Mobile
dd555baa-7d9a-4ffc-8c65-21ef17a67c19,34.0,Male,Tech,Madagascar,West Roberthaven,Mobile
8b664795-fff5-4f94-80a8-69f589446d82,25.0,Female,Health,Cameroon,Lake Robert,Tablet
e2da6fa0-3e03-4322-a886-405058794c03,46.0,Other,Tech,Faroe Islands,West Raymond,Desktop
095c6ff8-3520-4810-9ce3-d7b56d882e51,42.0,Other,Sports,Italy,East Danielle,
28ffbb08-d994-4f2e-88bb-2b9d8cd55635,42.0,Female,Travel,Palau,Ruizmouth,Tablet
49e9dcee-3a7f-4865-84a8-62363fa92756,46.0,Male,Travel,San Marino,South Justinhaven,Desktop
6e627028-f67a-44a8-b646-ffb677e8bdab,27.0,Other,Travel,Azerbaijan,New Danielle,Desktop
91006809-ceeb-4a28-92f6-572cb45ff68d,65.0,Female,Food,Swaziland,South Stevenport,Tablet
7973160c-4ee8-4c97-bf37-b14079384956,50.0,Other,Sports,Burundi,New Carrie,Desktop
bef4e404-9c1f-4e33-9f45-d4d09195eee9,25.0,Male,Tech,Niger,North Arthur,Mobile
37009b1a-bca4-4a20-bacd-98a880af235d,47.0,Male,Finance,Ireland,Mathewsport,Mobile
08c03b3f-f71f-42bf-aa35-94a62a8b7da6,64.0,Other,Sports,Austria,Emilybury,Mobile
8ae1cd94-850a-47ff-b464-fefc4f31a977,54.0,Other,Food,Cuba,Nicholasburgh,Mobile
d319ca91-ed12-4959-9030-96bcefd885b1,33.0,Female,Sports,,West Taylor,Tablet
6efacc0a-9083-41de-85fa-1e89fea5278d,54.0,,Tech,Mauritius,West Jennifer,Tablet
69ddccc2-39b2-496a-8e6d-572d61c17ed9,32.0,Other,Food,Sudan,Gregoryfurt,Mobile
2dbba698-b55f-4a9c-8327-bf1d826d0aee,53.0,Female,Health,United States of America,South Timothyport,Mobile
7a5734b7-f9c5-4ec4-9dff-d8ac02bbb93e,41.0,Female,Tech,Papua New Guinea,Sanchezhaven,Tablet
1edda098-dce9-4db1-a2d6-73d82ffab105,57.0,Male,Tech,Antarctica (the territory South of 60 deg S),Whiteshire,Mobile
a457c8ae-cef7-473c-9a7e-a3e1bb5cb0c5,59.0,Female,Finance,Switzerland,Ginastad,Desktop
f5dea33d-e603-4e48-88a8-596c4181abbc,21.0,Female,Finance,Yemen,Davidberg,Tablet
bb23bca9-229a-4010-b5c1-45df04e00be4,43.0,Other,Health,Czech Republic,Markland,Mobile
0b99cbb5-3d7f-4508-9518-13b559a78659,54.0,Male,Finance,North Macedonia,South Sheilaview,Tablet
3c8829c8-1fdb-42a9-8255-afd8c732032d,57.0,Male,Health,Bulgaria,Myerstown,Tablet
76bbce16-4825-456a-945c-216a3231e444,28.0,Male,Health,Fiji,Joyview,Desktop
80f31a84-2088-48b4-80ab-523d7139566c,18.0,Female,Sports,Bouvet Island (Bouvetoya),South Christopherchester,Mobile
,25.0,Other,Sports,El Salvador,Markshire,Tablet
8a18d523-a94b-4ce3-ae68-4c792e9d7fb1,48.0,Male,Tech,Hong Kong,hmprZ8iK,Tablet
5864786c-c753-42b4-837e-7c071f2c21b3,19.0,Other,Sports,Cape Verde,Christianshire,Mobile
54979d17-e85a-4460-9d72-5686ac7768dd,62.0,Female,Health,Bulgaria,West Michelle,Tablet
4cab7804-5f22-4ce4-aefa-ff8d41ba9e06,59.0,Male,Health,Tonga,South Charleston,Desktop
2c12808a-4c28-492e-860b-da67ed614353,46.0,Female,Sports,Eritrea,North Michael,Mobile
08f94eb7-ed9b-4698-b47c-49f15326d268,35.0,Other,Travel,India,Port Grace,Mobile
e017fb2a-40ba-43f3-b47e-e539dd937da0,22.0,Female,Sports,Chile,Wilkersonhaven,Mobile
cd4f4b61-0673-42cb-85be-3a2225893539,65.0,Other,Travel,Bolivia,West Gail,Mobile
2e5618b1-8a6f-459c-87c0-839a21d4ad11,53.0,Male,Food,Latvia,South Wendy,Tablet
12962354-b2d9-4709-ab12-ab009bcc560e,19.0,Male,,Congo,North Duane,Tablet
38a8f759-ddd6-41de-ac4d-478c93ae9c22,27.0,Male,Tech,Barbados,Hamiltonside,Desktop
959bf5d5-0c95-4c45-bcfe-1a1c3a1bb768,62.0,Female,Sports,Bouvet Island (Bouvetoya),Wrightstad,Tablet
